Date,Price,Open,High,Low,Vol.,Change %
"Apr 01, 2019","12,499.65","12,575.10","12,603.30","12,453.80",83.65K,-0.35%
"Apr 01, 2020","8,942.55","9,293.90","9,319.95","8,889.25",206.87M,-4.02%
"Apr 01, 2021","15,909.25","15,845.25","15,942.15","15,638.05",114.91M,1.23%
"Apr 02, 2019","12,538.60","12,547.20","12,575.70","12,456.50",86.90K,0.31%
"Apr 03, 2019","12,506.80","12,569.60","12,652.00","12,486.90",82.17K,-0.25%
"Apr 03, 2020","8,562.10","8,986.60","8,989.50","8,521.15",258.15M,-4.25%
"Apr 04, 2019","12,499.70","12,528.55","12,614.90","12,458.00",77.83K,-0.06%
"Apr 05, 2019","12,594.95","12,532.00","12,628.80","12,513.10",62.11K,0.76%
"Apr 05, 2021","15,392.10","15,847.65","15,866.70","15,231.60",144.25M,-3.25%
"Apr 06, 2021","15,394.85","15,512.50","15,548.90","15,281.35",127.17M,0.02%
"Apr 07, 2020","9,278.30","9,072.45","9,328.95","8,802.00",319.18M,8.36%
"Apr 07, 2021","15,577.55","15,421.20","15,662.50","15,283.70",143.72M,1.19%
"Apr 08, 2019","12,504.05","12,635.35","12,642.90","12,439.05",50.50K,-0.72%
"Apr 08, 2020","9,243.45","9,152.60","9,814.30","9,084.40",347.66M,-0.38%
"Apr 08, 2021","15,525.15","15,650.80","15,736.30","15,473.90",111.69M,-0.34%
"Apr 09, 2019","12,568.10","12,522.95","12,587.55","12,418.20",67.16K,0.51%
"Apr 09, 2020","9,803.00","9,485.00","9,836.35","9,424.70",267.03M,6.05%
"Apr 09, 2021","15,412.50","15,490.00","15,591.70","15,369.60",131.06M,-0.73%
"Apr 10, 2019","12,426.65","12,496.95","12,569.60","12,410.10",89.52K,-1.13%
"Apr 11, 2019","12,450.00","12,442.25","12,467.10","12,399.85",49.81K,0.19%
"Apr 12, 2019","12,495.60","12,450.40","12,519.45","12,419.60",49.36K,0.37%
"Apr 12, 2021","14,711.00","15,054.65","15,068.00","14,600.65",202.41M,-4.55%
"Apr 13, 2020","9,500.65","9,814.30","9,842.35","9,454.70",209.14M,-3.08%
"Apr 13, 2021","15,209.15","14,753.45","15,234.10","14,693.00",156.57M,3.39%
"Apr 15, 2019","12,535.30","12,526.45","12,556.15","12,492.90",45.21K,0.32%
"Apr 15, 2020","9,239.35","9,780.00","9,780.10","9,136.65",294.02M,-2.75%
"Apr 15, 2021","15,387.40","15,300.45","15,411.95","15,050.25",169.03M,1.17%
"Apr 16, 2019","12,663.30","12,584.05","12,688.70","12,580.25",65.63K,1.02%
"Apr 16, 2020","9,392.60","9,191.15","9,466.15","9,097.00",312.33M,1.66%
"Apr 16, 2021","15,362.25","15,404.35","15,479.75","15,326.00",116.73M,-0.16%
"Apr 17, 2020","9,905.55","9,821.60","9,972.20","9,577.25",411.86M,5.46%
"Apr 18, 2019","12,567.30","12,723.85","12,726.55","12,542.20",65.41K,-0.76%
"Apr 19, 2021","15,006.55","14,900.40","15,043.75","14,675.45",154.90M,-2.32%
"Apr 20, 2020","9,930.65","10,112.50","10,142.00","9,898.30",341.76M,0.25%
"Apr 20, 2021","14,922.10","15,204.60","15,255.40","14,830.25",163.13M,-0.56%
"Apr 21, 2020","9,468.80","9,612.45","9,643.30","9,410.35",247.86M,-4.65%
"Apr 22, 2019","12,347.05","12,591.80","12,598.45","12,339.05",51.19K,-1.75%
"Apr 22, 2020","9,569.20","9,429.80","9,607.05","9,300.30",265.19M,1.06%
"Apr 22, 2021","15,239.50","14,778.25","15,264.65","14,690.15",168.43M,2.13%
"Apr 23, 2019","12,295.45","12,376.75","12,425.55","12,286.30",55.38K,-0.42%
"Apr 23, 2020","9,808.95","9,647.95","9,851.50","9,526.70",229.82M,2.51%
"Apr 23, 2021","15,238.25","15,095.65","15,381.70","15,049.80",167.58M,-0.01%
"Apr 24, 2019","12,466.85","12,321.90","12,485.40","12,292.45",61.77K,1.39%
"Apr 24, 2020","9,431.85","9,522.60","9,619.45","9,413.95",267.03M,-3.84%
"Apr 25, 2019","12,344.70","12,491.80","12,536.80","12,322.15",106.23K,-0.98%
"Apr 26, 2019","12,506.10","12,408.25","12,519.60","12,328.05",77.45K,1.31%
"Apr 26, 2021","15,436.90","15,436.05","15,577.35","15,377.00",227.29M,1.30%
"Apr 27, 2020","9,627.60","9,569.10","9,749.50","9,557.80",239.74M,2.08%
"Apr 27, 2021","15,589.25","15,423.70","15,615.90","15,389.75",183.66M,0.99%
"Apr 28, 2020","9,951.20","9,766.45","9,978.40","9,696.10",244.70M,3.36%
"Apr 28, 2021","16,039.75","15,630.65","16,062.45","15,610.45",207.25M,2.89%
"Apr 29, 2020","10,292.90","9,919.40","10,392.85","9,900.50",352.45M,3.43%
"Apr 29, 2021","16,047.05","16,133.35","16,297.55","15,903.70",187.17M,0.05%
"Apr 30, 2019","12,555.45","12,513.55","12,572.15","12,446.30",83.48K,0.39%
"Apr 30, 2020","10,570.80","10,504.10","10,695.45","10,476.00",292.22M,2.70%
"Apr 30, 2021","15,560.10","15,790.80","15,872.95","15,526.60",178.71M,-3.03%
"Aug 01, 2019","12,494.10","12,637.50","12,673.40","12,376.40",105.16M,-1.68%
"Aug 02, 2019","12,500.50","12,420.55","12,631.30","12,293.25",160.16M,0.05%
"Aug 02, 2021","16,539.55","16,577.95","16,603.45","16,484.55",103.22M,0.43%
"Aug 03, 2020","10,467.20","10,698.75","10,698.75","10,442.55",216.52M,-2.44%
"Aug 03, 2021","16,818.05","16,586.45","16,833.65","16,555.80",106.23M,1.68%
"Aug 04, 2020","10,706.00","10,541.65","10,736.85","10,476.30",201.64M,2.28%
"Aug 04, 2021","17,253.05","16,898.55","17,311.40","16,868.95",255.64M,2.59%
"Aug 05, 2019","12,329.55","12,361.70","12,367.10","12,219.40",122.81M,-1.37%
"Aug 05, 2020","10,685.35","10,772.20","10,894.45","10,659.70",245.36M,-0.19%
"Aug 05, 2021","17,193.30","17,299.05","17,309.25","17,131.45",147.23M,-0.35%
"Aug 06, 2019","12,521.35","12,275.80","12,592.70","12,269.70",108.86M,1.56%
"Aug 06, 2020","10,797.35","10,769.10","10,897.35","10,666.80",258.48M,1.05%
"Aug 06, 2021","17,136.15","17,202.35","17,263.40","17,111.15",108.62M,-0.33%
"Aug 07, 2019","12,411.65","12,529.85","12,567.60","12,386.20",96.28M,-0.88%
"Aug 07, 2020","10,823.10","10,776.20","10,840.55","10,699.00",188.03M,0.24%
"Aug 08, 2019","12,581.20","12,479.95","12,614.75","12,359.15",101.49M,1.37%
"Aug 09, 2019","12,774.85","12,649.00","12,852.95","12,631.90",87.54M,1.54%
"Aug 09, 2021","17,202.55","17,143.50","17,284.65","17,078.85",70.36M,0.39%
"Aug 10, 2020","10,913.80","10,883.35","10,995.50","10,871.40",156.74M,0.84%
"Aug 10, 2021","17,254.45","17,200.35","17,345.05","17,185.50",90.74M,0.30%
"Aug 11, 2020","11,030.20","10,981.25","11,071.85","10,978.30",182.19M,1.07%
"Aug 11, 2021","17,147.65","17,325.15","17,329.15","17,022.50",80.37M,-0.62%
"Aug 12, 2020","10,996.10","10,994.75","11,032.50","10,907.45",274.42M,-0.31%
"Aug 12, 2021","17,233.50","17,151.50","17,251.15","17,108.40",65.22M,0.50%
"Aug 13, 2019","12,394.00","12,729.25","12,737.40","12,373.75",79.44M,-2.98%
"Aug 13, 2020","10,978.20","11,050.05","11,070.00","10,959.40",210.05M,-0.16%
"Aug 13, 2021","17,350.15","17,252.65","17,382.30","17,247.40",74.82M,0.68%
"Aug 14, 2019","12,509.60","12,478.65","12,569.10","12,411.15",67.15M,0.93%
"Aug 14, 2020","10,758.45","11,042.20","11,042.20","10,676.15",219.02M,-2.00%
"Aug 16, 2019","12,543.70","12,521.20","12,579.70","12,389.35",75.14M,0.27%
"Aug 16, 2021","17,421.30","17,315.45","17,442.00","17,288.35",60.66M,0.41%
"Aug 17, 2020","10,783.60","10,865.20","10,865.75","10,675.35",167.20M,0.23%
"Aug 17, 2021","17,371.15","17,369.55","17,397.05","17,224.95",70.85M,-0.29%
"Aug 18, 2020","10,995.60","10,780.85","11,021.55","10,759.55",164.41M,1.97%
"Aug 18, 2021","17,273.00","17,516.65","17,534.85","17,226.20",78.38M,-0.57%
"Aug 19, 2019","12,532.40","12,605.45","12,663.65","12,518.15",63.15M,-0.09%
"Aug 19, 2020","11,042.35","11,069.65","11,090.45","11,018.10",202.71M,0.43%
"Aug 20, 2019","12,450.40","12,522.35","12,548.15","12,391.20",69.46M,-0.65%
"Aug 20, 2020","10,897.50","10,909.70","10,948.00","10,852.55",207.86M,-1.31%
"Aug 20, 2021","17,152.55","17,096.75","17,218.55","17,052.70",94.88M,-0.70%
"Aug 21, 2019","12,356.45","12,466.40","12,509.35","12,339.45",77.13M,-0.75%
"Aug 21, 2020","11,025.75","10,987.60","11,059.30","10,973.20",194.34M,1.18%
"Aug 22, 2019","12,049.90","12,341.90","12,343.25","12,020.60",112.81M,-2.48%
"Aug 23, 2019","12,080.30","11,962.75","12,160.15","11,831.15",110.61M,0.25%
"Aug 23, 2021","17,220.95","17,330.10","17,331.90","17,086.65",75.31M,0.40%
"Aug 24, 2020","11,256.60","11,080.00","11,301.75","11,069.25",180.96M,2.09%
"Aug 24, 2021","17,461.10","17,261.35","17,487.00","17,160.75",81.71M,1.39%
"Aug 25, 2020","11,358.95","11,317.60","11,382.15","11,242.75",281.38M,0.91%
"Aug 25, 2021","17,403.65","17,502.60","17,574.95","17,376.75",69.01M,-0.33%
"Aug 26, 2019","12,563.65","12,369.60","12,584.65","12,118.25",140.66M,4.00%
"Aug 26, 2020","11,416.70","11,401.25","11,434.40","11,336.50",219.61M,0.51%
"Aug 26, 2021","17,441.40","17,383.70","17,486.90","17,335.05",90.45M,0.22%
"Aug 27, 2019","12,646.35","12,623.95","12,692.00","12,560.65",126.89M,0.66%
"Aug 27, 2020","11,483.40","11,475.90","11,545.40","11,451.95",209.47M,0.58%
"Aug 27, 2021","17,520.25","17,424.50","17,541.35","17,325.65",69.18M,0.45%
"Aug 28, 2019","12,575.25","12,633.35","12,640.65","12,504.10",62.59M,-0.56%
"Aug 28, 2020","11,720.35","11,509.45","11,740.15","11,490.40",356.00M,2.06%
"Aug 29, 2019","12,341.10","12,523.35","12,523.75","12,311.25",106.12M,-1.86%
"Aug 30, 2019","12,418.15","12,383.10","12,448.80","12,300.00",118.03M,0.62%
"Aug 30, 2021","17,843.90","17,612.35","17,870.85","17,597.55",86.55M,1.85%
"Aug 31, 2020","11,389.00","11,877.55","11,986.55","11,234.70",370.27M,-2.83%
"Aug 31, 2021","18,070.70","17,832.60","18,096.60","17,802.50",117.23M,1.27%
"Dec 01, 2020","14,352.05","14,358.20","14,410.35","14,209.25",150.04M,0.41%
"Dec 01, 2021","17,758.85","17,654.15","17,808.75","17,612.65",82.84M,1.28%
"Dec 02, 2019","14,163.05","14,236.35","14,237.90","14,102.25",66.96M,-0.32%
"Dec 02, 2020","14,187.50","14,360.10","14,363.35","14,053.85",166.23M,-1.15%
"Dec 02, 2021","17,982.90","17,739.65","18,012.85","17,708.15",78.93M,1.26%
"Dec 03, 2019","14,140.45","14,181.20","14,184.15","14,070.20",70.73M,-0.16%
"Dec 03, 2020","14,138.75","14,301.70","14,305.35","14,094.70",224.22M,-0.34%
"Dec 03, 2021","17,779.50","17,956.70","18,100.35","17,737.95",86.10M,-1.13%
"Dec 04, 2019","14,246.55","14,108.20","14,265.50","14,068.10",89.66M,0.75%
"Dec 04, 2020","14,286.45","14,181.40","14,357.40","14,124.10",220.54M,1.04%
"Dec 05, 2019","14,194.05","14,265.50","14,305.35","14,156.90",97.42M,-0.37%
"Dec 06, 2019","14,041.85","14,227.30","14,258.05","13,984.80",116.67M,-1.07%
"Dec 06, 2021","17,596.70","17,802.30","17,843.65","17,576.90",70.53M,-1.03%
"Dec 07, 2020","14,360.25","14,277.85","14,383.90","14,221.90",220.06M,0.52%
"Dec 07, 2021","17,979.35","17,769.55","18,071.45","17,700.00",102.57M,2.17%
"Dec 08, 2020","14,384.70","14,410.75","14,440.15","14,315.10",170.77M,0.17%
"Dec 08, 2021","18,284.95","18,140.50","18,317.95","18,115.45",107.02M,1.70%
"Dec 09, 2019","14,092.40","14,047.00","14,133.70","13,985.80",99.41M,0.36%
"Dec 09, 2020","14,554.30","14,418.10","14,580.25","14,416.45",178.06M,1.18%
"Dec 09, 2021","18,202.45","18,329.75","18,355.15","18,115.45",72.75M,-0.45%
"Dec 10, 2019","14,071.60","14,128.70","14,150.55","14,056.60",95.29M,-0.15%
"Dec 10, 2020","14,450.10","14,504.65","14,505.35","14,342.75",156.50M,-0.72%
"Dec 10, 2021","18,165.55","18,164.70","18,209.80","18,037.15",59.60M,-0.20%
"Dec 11, 2019","14,166.85","14,088.05","14,193.45","14,053.05",98.71M,0.68%
"Dec 11, 2020","14,501.90","14,492.15","14,577.25","14,376.65",173.33M,0.36%
"Dec 12, 2019","14,292.90","14,204.45","14,302.85","14,184.55",81.88M,0.89%
"Dec 13, 2019","14,410.45","14,344.50","14,460.65","14,334.30",98.47M,0.82%
"Dec 13, 2021","18,006.90","18,270.20","18,324.95","17,984.30",83.97M,-0.87%
"Dec 14, 2020","14,561.50","14,560.65","14,583.80","14,458.55",132.07M,0.41%
"Dec 14, 2021","17,905.20","17,919.95","17,965.65","17,757.30",83.07M,-0.56%
"Dec 15, 2020","14,673.00","14,569.65","14,695.15","14,437.60",160.76M,0.77%
"Dec 15, 2021","17,776.95","17,915.95","17,972.65","17,758.20",58.90M,-0.72%
"Dec 16, 2019","14,417.60","14,455.10","14,466.60","14,386.25",79.34M,0.05%
"Dec 16, 2020","14,789.30","14,800.05","14,838.30","14,694.45",130.85M,0.79%
"Dec 16, 2021","17,713.85","17,934.35","17,962.10","17,639.90",70.11M,-0.35%
"Dec 17, 2019","14,554.50","14,441.00","14,572.20","14,410.45",83.03M,0.95%
"Dec 17, 2020","14,963.55","14,843.55","14,988.90","14,772.40",122.16M,1.18%
"Dec 17, 2021","17,280.70","17,685.75","17,721.90","17,243.20",85.82M,-2.45%
"Dec 18, 2019","14,618.95","14,602.95","14,634.40","14,521.00",76.83M,0.44%
"Dec 18, 2020","14,879.15","14,937.00","14,946.65","14,741.30",131.49M,-0.56%
"Dec 19, 2019","14,571.45","14,626.85","14,633.60","14,552.10",69.79M,-0.32%
"Dec 20, 2019","14,625.80","14,586.35","14,634.80","14,550.60",115.73M,0.37%
"Dec 20, 2021","16,779.20","17,077.90","17,103.80","16,547.15",98.02M,-2.90%
"Dec 21, 2020","14,392.60","14,830.85","14,847.55","14,250.80",170.83M,-3.27%
"Dec 21, 2021","16,841.45","16,988.05","17,050.95","16,742.05",71.90M,0.37%
"Dec 22, 2020","14,421.60","14,453.65","14,484.00","14,145.95",189.54M,0.20%
"Dec 22, 2021","16,992.75","16,951.60","17,031.35","16,848.80",63.91M,0.90%
"Dec 23, 2019","14,648.80","14,635.25","14,680.60","14,570.90",72.95M,0.16%
"Dec 23, 2020","14,517.05","14,391.80","14,544.90","14,343.10",115.92M,0.66%
"Dec 23, 2021","17,116.55","17,130.95","17,220.20","17,057.80",66.26M,0.73%
"Dec 24, 2019","14,603.70","14,643.40","14,661.80","14,584.25",50.42M,-0.31%
"Dec 24, 2020","14,779.60","14,607.25","14,836.60","14,576.75",114.76M,1.81%
"Dec 24, 2021","16,956.75","17,177.25","17,190.05","16,847.90",53.83M,-0.93%
"Dec 26, 2019","14,523.70","14,609.45","14,619.60","14,506.45",62.70M,-0.55%
"Dec 27, 2019","14,679.35","14,578.40","14,696.40","14,543.95",81.46M,1.07%
"Dec 27, 2021","17,111.30","16,849.30","17,137.20","16,735.20",43.19M,0.91%
"Dec 28, 2020","14,966.45","14,851.85","14,988.15","14,843.75",108.99M,1.26%
"Dec 28, 2021","17,178.60","17,232.55","17,253.55","17,103.95",50.31M,0.39%
"Dec 29, 2020","15,120.00","15,021.90","15,144.05","15,015.85",123.31M,1.03%
"Dec 29, 2021","17,130.00","17,183.55","17,248.80","17,066.25",43.91M,-0.28%
"Dec 30, 2019","14,650.60","14,719.00","14,737.45","14,599.25",62.51M,-0.20%
"Dec 30, 2020","15,162.90","15,181.55","15,184.25","15,004.40",108.38M,0.28%
"Dec 30, 2021","17,116.55","17,113.85","17,180.35","17,021.10",72.62M,-0.08%
"Dec 31, 2019","14,557.40","14,643.35","14,643.35","14,535.60",81.30M,-0.64%
"Dec 31, 2020","15,208.00","15,165.80","15,273.70","15,092.80",117.04M,0.30%
"Dec 31, 2021","17,330.85","17,147.90","17,379.20","17,146.65",43.96M,1.25%
"Feb 01, 2019","11,460.90","11,476.95","11,614.65","11,396.05",131.66K,0.04%
"Feb 01, 2021","15,702.45","14,779.80","15,770.75","14,732.65",299.25M,7.60%
"Feb 02, 2021","16,208.90","15,943.45","16,455.45","15,928.45",301.62M,3.23%
"Feb 03, 2020","13,822.30","13,719.65","13,877.30","13,647.60",133.81M,0.46%
"Feb 03, 2021","16,403.65","16,360.10","16,452.45","16,074.85",200.73M,1.20%
"Feb 04, 2019","11,492.65","11,420.15","11,518.85","11,357.05",65.51K,0.28%
"Feb 04, 2020","14,218.80","13,908.00","14,241.60","13,902.85",120.37M,2.87%
"Feb 04, 2021","16,606.90","16,379.00","16,633.55","16,190.50",277.56M,1.24%
"Feb 05, 2019","11,519.55","11,506.65","11,533.85","11,453.35",57.11K,0.23%
"Feb 05, 2020","14,407.80","14,245.40","14,420.75","14,178.30",130.31M,1.33%
"Feb 05, 2021","16,724.00","16,643.70","16,987.55","16,641.10",363.63M,0.71%
"Feb 06, 2019","11,610.15","11,542.00","11,620.90","11,536.75",62.45K,0.79%
"Feb 06, 2020","14,545.75","14,427.30","14,596.65","14,373.25",136.90M,0.96%
"Feb 07, 2019","11,606.50","11,622.15","11,685.15","11,576.15",65.06K,-0.03%
"Feb 07, 2020","14,502.40","14,551.70","14,558.50","14,466.40",130.19M,-0.30%
"Feb 08, 2019","11,540.25","11,563.60","11,632.30","11,513.75",65.58K,-0.57%
"Feb 08, 2021","16,862.30","16,917.35","17,036.55","16,806.80",172.10M,0.83%
"Feb 09, 2021","16,904.90","16,931.75","17,080.60","16,747.10",173.90M,0.25%
"Feb 10, 2020","14,496.75","14,514.75","14,520.85","14,414.25",99.12M,-0.04%
"Feb 10, 2021","16,869.35","16,903.10","16,992.70","16,730.25",180.30M,-0.21%
"Feb 11, 2019","11,488.75","11,524.95","11,531.75","11,467.75",63.36K,-0.45%
"Feb 11, 2020","14,589.55","14,564.10","14,676.30","14,562.50",147.95M,0.64%
"Feb 11, 2021","16,861.85","16,806.75","16,950.25","16,790.05",122.04M,-0.04%
"Feb 12, 2019","11,368.80","11,474.20","11,516.55","11,358.60",72.15K,-1.04%
"Feb 12, 2020","14,685.40","14,668.80","14,747.70","14,632.55",166.57M,0.66%
"Feb 12, 2021","17,016.30","16,843.20","17,077.55","16,839.55",149.26M,0.92%
"Feb 13, 2019","11,369.30","11,392.00","11,444.10","11,348.00",66.43K,0.00%
"Feb 13, 2020","14,578.85","14,698.10","14,713.70","14,539.40",137.55M,-0.73%
"Feb 14, 2019","11,304.75","11,363.85","11,365.25","11,267.85",86.02K,-0.57%
"Feb 14, 2020","14,477.45","14,596.15","14,672.80","14,434.00",127.05M,-0.70%
"Feb 15, 2019","11,213.90","11,315.05","11,320.65","11,138.10",93.98K,-0.80%
"Feb 15, 2021","17,504.90","17,175.10","17,556.05","17,141.25",214.69M,2.87%
"Feb 16, 2021","17,448.30","17,564.10","17,654.45","17,320.85",199.39M,-0.32%
"Feb 17, 2020","14,370.25","14,491.00","14,527.50","14,350.20",95.72M,-0.74%
"Feb 17, 2021","17,255.60","17,392.00","17,457.45","17,218.45",166.45M,-1.10%
"Feb 18, 2019","11,148.25","11,223.70","11,254.45","11,134.60",61.11K,-0.59%
"Feb 18, 2020","14,315.70","14,356.30","14,367.35","14,214.05",108.15M,-0.38%
"Feb 18, 2021","17,000.60","17,296.40","17,302.90","16,923.35",173.18M,-1.48%
"Feb 19, 2019","11,158.10","11,144.55","11,285.45","11,136.40",70.62K,0.09%
"Feb 19, 2020","14,520.25","14,456.65","14,536.70","14,374.10",99.52M,1.43%
"Feb 19, 2021","16,747.10","16,901.10","17,035.90","16,634.15",170.97M,-1.49%
"Feb 20, 2019","11,287.70","11,207.95","11,299.35","11,187.75",59.64K,1.16%
"Feb 20, 2020","14,510.40","14,511.05","14,569.95","14,438.45",170.94M,-0.07%
"Feb 21, 2019","11,386.80","11,299.65","11,401.65","11,291.25",71.18K,0.88%
"Feb 22, 2019","11,319.75","11,362.15","11,372.70","11,309.50",142.66K,-0.59%
"Feb 22, 2021","16,479.20","16,754.40","16,832.55","16,404.60",179.98M,-1.60%
"Feb 23, 2021","16,394.80","16,589.80","16,636.75","16,351.90",145.10M,-0.51%
"Feb 24, 2020","14,236.15","14,398.30","14,405.85","14,215.00",144.90M,-1.89%
"Feb 24, 2021","16,951.45","16,408.15","17,007.70","16,371.20",107.84M,3.40%
"Feb 25, 2019","11,406.70","11,353.90","11,416.90","11,330.45",74.77K,0.77%
"Feb 25, 2020","14,236.10","14,282.10","14,312.85","14,202.80",127.89M,0.00%
"Feb 25, 2021","16,919.30","17,052.20","17,214.00","16,892.70",189.96M,-0.19%
"Feb 26, 2019","11,294.85","11,278.80","11,362.00","11,231.95",80.93K,-0.98%
"Feb 26, 2020","14,132.70","14,156.75","14,251.95","14,072.45",137.97M,-0.73%
"Feb 26, 2021","16,085.25","16,618.25","16,636.60","16,011.25",254.87M,-4.93%
"Feb 27, 2019","11,234.10","11,352.10","11,398.05","11,188.20",84.82K,-0.54%
"Feb 27, 2020","14,086.05","14,113.25","14,113.25","13,953.50",159.37M,-0.33%
"Feb 28, 2019","11,227.40","11,271.05","11,285.10","11,215.50",143.66K,-0.06%
"Feb 28, 2020","13,566.45","13,778.35","13,784.65","13,520.35",233.89M,-3.69%
"Jan 01, 2019","11,702.05","11,608.55","11,718.00","11,526.75",51.37K,1.00%
"Jan 01, 2020","14,574.20","14,590.10","14,621.65","14,543.40",44.68M,0.12%
"Jan 01, 2021","15,184.50","15,215.40","15,282.45","15,156.65",82.92M,-0.15%
"Jan 02, 2019","11,586.20","11,660.40","11,697.85","11,535.95",81.19K,-0.99%
"Jan 02, 2020","14,697.50","14,578.15","14,707.60","14,572.90",56.00M,0.85%
"Jan 03, 2019","11,458.95","11,590.90","11,602.15","11,447.85",76.91K,-1.10%
"Jan 03, 2020","14,560.70","14,644.60","14,656.75","14,510.85",61.55M,-0.93%
"Jan 03, 2022","17,761.05","17,377.95","17,788.45","17,371.35",61.38M,2.48%
"Jan 04, 2019","11,572.45","11,486.10","11,591.70","11,457.70",76.33K,0.99%
"Jan 04, 2021","15,193.05","15,289.65","15,290.90","15,016.80",124.99M,0.06%
"Jan 04, 2022","17,972.95","17,816.35","17,994.35","17,726.85",76.60M,1.19%
"Jan 05, 2021","15,380.55","15,159.30","15,405.45","15,105.75",151.87M,1.23%
"Jan 05, 2022","18,336.65","18,027.60","18,395.40","17,973.50",93.79M,2.02%
"Jan 06, 2020","14,202.50","14,472.80","14,493.15","14,161.85",81.75M,-2.46%
"Jan 06, 2021","15,393.95","15,444.20","15,451.90","15,281.35",161.66M,0.09%
"Jan 06, 2022","18,174.80","18,111.60","18,284.75","18,016.80",69.29M,-0.88%
"Jan 07, 2019","11,591.60","11,635.65","11,663.55","11,575.90",66.43K,0.17%
"Jan 07, 2020","14,314.75","14,346.55","14,467.50","14,226.00",107.55M,0.79%
"Jan 07, 2021","15,424.55","15,529.80","15,540.60","15,400.45",136.41M,0.20%
"Jan 07, 2022","18,206.05","18,215.15","18,356.55","18,070.85",79.93M,0.17%
"Jan 08, 2019","11,635.45","11,600.15","11,646.00","11,527.90",77.04K,0.38%
"Jan 08, 2020","14,306.65","14,134.85","14,321.40","14,117.15",93.76M,-0.06%
"Jan 08, 2021","15,511.15","15,557.10","15,557.55","15,430.85",136.33M,0.56%
"Jan 09, 2019","11,740.75","11,684.95","11,752.15","11,616.00",84.55K,0.90%
"Jan 09, 2020","14,590.10","14,461.15","14,604.40","14,427.25",92.79M,1.98%
"Jan 10, 2019","11,675.50","11,736.20","11,741.55","11,660.15",71.81K,-0.56%
"Jan 10, 2020","14,609.65","14,642.80","14,693.70","14,544.95",86.97M,0.13%
"Jan 10, 2022","18,483.85","18,282.70","18,503.90","18,282.70",66.78M,1.53%
"Jan 11, 2019","11,690.85","11,694.10","11,734.05","11,629.90",57.19K,0.13%
"Jan 11, 2021","15,605.10","15,613.50","15,626.85","15,493.25",111.37M,0.61%
"Jan 11, 2022","18,538.80","18,487.10","18,562.85","18,381.85",66.20M,0.30%
"Jan 12, 2021","15,711.95","15,554.55","15,733.00","15,510.35",136.72M,0.68%
"Jan 12, 2022","18,684.75","18,660.25","18,747.65","18,613.60",76.71M,0.79%
"Jan 13, 2020","14,635.05","14,630.90","14,701.60","14,604.00",63.83M,0.17%
"Jan 13, 2021","15,624.05","15,803.45","15,848.25","15,480.40",184.51M,-0.56%
"Jan 13, 2022","18,611.80","18,705.10","18,705.10","18,560.40",70.93M,-0.39%
"Jan 14, 2019","11,589.90","11,662.25","11,662.50","11,552.00",52.27K,-0.86%
"Jan 14, 2020","14,667.20","14,644.35","14,685.80","14,568.65",70.54M,0.22%
"Jan 14, 2021","15,608.95","15,615.35","15,692.70","15,567.60",113.98M,-0.10%
"Jan 14, 2022","18,566.10","18,508.05","18,603.60","18,412.00",56.76M,-0.25%
"Jan 15, 2019","11,675.30","11,620.70","11,684.25","11,609.40",47.08K,0.74%
"Jan 15, 2020","14,636.05","14,637.55","14,655.70","14,528.30",78.39M,-0.21%
"Jan 15, 2021","15,453.45","15,576.90","15,613.85","15,364.35",124.81M,-1.00%
"Jan 16, 2019","11,653.35","11,670.75","11,719.50","11,638.55",55.80K,-0.19%
"Jan 16, 2020","14,655.35","14,625.05","14,697.90","14,586.75",65.70M,0.13%
"Jan 17, 2019","11,703.55","11,691.90","11,733.45","11,620.50",77.15K,0.43%
"Jan 17, 2020","14,561.80","14,582.50","14,636.80","14,541.30",108.68M,-0.64%
"Jan 18, 2019","11,678.25","11,715.80","11,724.15","11,649.55",51.95K,-0.22%
"Jan 18, 2021","15,246.15","15,484.00","15,525.35","15,193.90",173.28M,-1.34%
"Jan 19, 2021","15,614.10","15,356.20","15,648.80","15,269.15",140.16M,2.41%
"Jan 20, 2020","14,359.65","14,686.70","14,686.70","14,346.75",108.20M,-1.39%
"Jan 20, 2021","15,663.00","15,613.80","15,703.35","15,541.85",115.54M,0.31%
"Jan 21, 2019","11,717.35","11,689.15","11,744.90","11,632.50",53.76K,0.33%
"Jan 21, 2020","14,305.70","14,308.25","14,385.70","14,248.30",95.42M,-0.38%
"Jan 21, 2021","15,546.70","15,721.20","15,748.45","15,463.65",131.69M,-0.74%
"Jan 22, 2019","11,670.10","11,704.80","11,706.95","11,630.80",67.67K,-0.40%
"Jan 22, 2020","14,178.50","14,358.70","14,396.20","14,152.85",132.65M,-0.89%
"Jan 22, 2021","15,141.80","15,530.75","15,538.10","15,115.95",154.06M,-2.60%
"Jan 23, 2019","11,556.60","11,672.20","11,687.70","11,529.50",51.30K,-0.97%
"Jan 23, 2020","14,288.45","14,196.85","14,314.70","14,145.80",188.52M,0.78%
"Jan 24, 2019","11,545.15","11,567.25","11,579.05","11,504.10",56.95K,-0.10%
"Jan 24, 2020","14,420.40","14,293.40","14,450.70","14,229.45",87.47M,0.92%
"Jan 25, 2019","11,483.60","11,531.20","11,607.75","11,457.25",63.84K,-0.53%
"Jan 25, 2021","15,143.65","15,323.40","15,447.80","15,102.35",156.49M,0.01%
"Jan 27, 2020","14,234.70","14,355.15","14,400.10","14,213.05",103.31M,-1.29%
"Jan 27, 2021","14,723.90","15,156.75","15,156.75","14,687.75",158.77M,-2.77%
"Jan 28, 2019","11,266.50","11,460.55","11,482.30","11,223.05",89.26K,-1.89%
"Jan 28, 2020","14,273.10","14,278.65","14,394.35","14,227.85",100.27M,0.27%
"Jan 28, 2021","14,602.85","14,510.35","14,634.95","14,352.20",225.37M,-0.82%
"Jan 29, 2019","11,224.80","11,249.75","11,289.55","11,148.50",86.65K,-0.37%
"Jan 29, 2020","14,346.80","14,340.85","14,409.80","14,308.00",99.13M,0.52%
"Jan 29, 2021","14,593.30","14,768.55","14,876.40","14,545.35",222.04M,-0.07%
"Jan 30, 2019","11,275.20","11,307.05","11,323.90","11,215.15",145.26K,0.45%
"Jan 30, 2020","14,289.95","14,382.95","14,388.35","14,247.95",96.58M,-0.40%
"Jan 31, 2019","11,456.40","11,315.00","11,465.35","11,273.85",199.74K,1.61%
"Jan 31, 2020","14,316.90","14,389.20","14,413.55","14,270.25",165.72M,0.19%
"Jul 01, 2019","13,695.70","13,616.30","13,717.45","13,604.25",49.31M,1.03%
"Jul 01, 2020","10,843.25","10,558.35","10,877.30","10,540.30",323.70M,2.66%
"Jul 01, 2021","16,376.85","16,496.50","16,500.50","16,361.25",95.36M,-0.41%
"Jul 02, 2019","13,742.75","13,720.35","13,752.00","13,615.95",61.41M,0.34%
"Jul 02, 2020","10,906.75","10,912.35","11,012.70","10,845.15",298.56M,0.59%
"Jul 02, 2021","16,438.30","16,411.45","16,458.30","16,347.45",77.35M,0.38%
"Jul 03, 2019","13,764.10","13,758.20","13,800.20","13,702.30",51.30M,0.16%
"Jul 03, 2020","10,870.90","10,980.15","10,992.35","10,838.75",262.78M,-0.33%
"Jul 04, 2019","13,804.00","13,792.15","13,840.00","13,769.05",53.06M,0.29%
"Jul 05, 2019","13,798.60","13,821.70","13,881.35","13,750.90",75.53M,-0.04%
"Jul 05, 2021","16,610.85","16,534.60","16,619.20","16,496.25",65.56M,1.05%
"Jul 06, 2020","11,023.70","11,062.00","11,121.10","11,005.90",238.97M,1.41%
"Jul 06, 2021","16,771.90","16,588.90","16,872.90","16,586.45",87.10M,0.97%
"Jul 07, 2020","11,193.90","11,070.65","11,211.65","10,981.60",316.22M,1.54%
"Jul 07, 2021","16,874.45","16,779.30","16,886.80","16,731.75",58.60M,0.61%
"Jul 08, 2019","13,398.45","13,764.35","13,768.80","13,347.40",74.87M,-2.90%
"Jul 08, 2020","11,129.25","11,225.25","11,305.00","11,085.30",378.38M,-0.58%
"Jul 08, 2021","16,669.10","16,815.45","16,870.80","16,614.55",71.99M,-1.22%
"Jul 09, 2019","13,368.80","13,357.05","13,419.75","13,220.40",114.24M,-0.22%
"Jul 09, 2020","11,305.30","11,174.05","11,338.05","11,153.80",261.57M,1.58%
"Jul 09, 2021","16,590.00","16,618.00","16,650.20","16,511.40",61.77M,-0.47%
"Jul 10, 2019","13,314.35","13,375.80","13,436.10","13,293.95",87.13M,-0.41%
"Jul 10, 2020","11,091.20","11,210.95","11,276.60","11,064.10",276.58M,-1.89%
"Jul 11, 2019","13,404.95","13,388.80","13,434.50","13,316.15",95.92M,0.68%
"Jul 12, 2019","13,365.95","13,443.40","13,473.05","13,345.25",195.98M,-0.29%
"Jul 12, 2021","16,606.15","16,669.85","16,704.25","16,544.15",62.21M,0.10%
"Jul 13, 2020","10,919.90","11,185.55","11,202.35","10,874.45",241.18M,-1.54%
"Jul 13, 2021","16,852.15","16,729.55","16,868.80","16,671.90",78.39M,1.48%
"Jul 14, 2020","10,652.00","10,818.15","10,836.00","10,556.50",233.54M,-2.45%
"Jul 14, 2021","16,823.05","16,821.55","16,889.95","16,739.60",58.37M,-0.17%
"Jul 15, 2019","13,362.95","13,386.85","13,386.85","13,285.50",50.45M,-0.02%
"Jul 15, 2020","10,616.10","10,760.00","10,867.35","10,571.65",233.53M,-0.34%
"Jul 15, 2021","16,926.30","16,866.95","16,976.65","16,803.80",60.94M,0.61%
"Jul 16, 2019","13,422.95","13,398.25","13,451.25","13,355.30",58.88M,0.45%
"Jul 16, 2020","10,708.30","10,648.75","10,731.90","10,454.80",209.58M,0.87%
"Jul 16, 2021","16,884.10","16,968.45","16,974.05","16,857.40",50.33M,-0.25%
"Jul 17, 2019","13,485.30","13,425.10","13,515.50","13,418.85",59.88M,0.46%
"Jul 17, 2020","10,915.70","10,720.10","10,963.20","10,713.75",203.44M,1.94%
"Jul 18, 2019","13,500.20","13,492.95","13,568.65","13,479.20",75.99M,0.11%
"Jul 19, 2019","13,234.40","13,513.20","13,533.80","13,202.60",82.52M,-1.97%
"Jul 19, 2021","16,555.75","16,594.30","16,680.05","16,501.15",75.68M,-1.94%
"Jul 20, 2020","11,093.20","11,110.70","11,173.00","11,042.40",339.49M,1.63%
"Jul 20, 2021","16,293.10","16,434.55","16,465.45","16,264.70",80.96M,-1.59%
"Jul 21, 2020","11,317.90","11,234.40","11,340.20","11,224.75",329.80M,2.03%
"Jul 22, 2019","12,897.00","13,158.75","13,174.75","12,851.80",80.72M,-2.55%
"Jul 22, 2020","11,290.40","11,432.60","11,454.10","11,195.90",393.20M,-0.24%
"Jul 22, 2021","16,499.20","16,408.85","16,572.00","16,396.45",82.54M,1.26%
"Jul 23, 2019","12,804.00","12,909.45","12,916.40","12,771.10",91.61M,-0.72%
"Jul 23, 2020","11,380.35","11,286.05","11,414.60","11,241.05",237.55M,0.80%
"Jul 23, 2021","16,611.05","16,520.00","16,643.85","16,382.85",77.51M,0.68%
"Jul 24, 2019","12,785.65","12,790.90","12,890.55","12,727.50",96.81M,-0.14%
"Jul 24, 2020","11,184.90","11,272.65","11,272.65","11,089.35",248.01M,-1.72%
"Jul 25, 2019","12,805.20","12,808.55","12,929.95","12,759.20",106.74M,0.15%
"Jul 26, 2019","12,880.05","12,802.65","12,912.25","12,762.50",72.82M,0.58%
"Jul 26, 2021","16,574.85","16,574.50","16,632.10","16,462.55",104.01M,-0.22%
"Jul 27, 2020","10,909.15","11,169.05","11,169.20","10,889.80",252.55M,-2.47%
"Jul 27, 2021","16,529.15","16,615.60","16,685.35","16,497.65",116.53M,-0.28%
"Jul 28, 2020","11,057.05","10,945.80","11,101.65","10,815.35",316.79M,1.36%
"Jul 28, 2021","16,444.75","16,525.55","16,532.35","16,233.45",113.32M,-0.51%
"Jul 29, 2019","12,827.25","12,950.65","12,957.30","12,736.70",106.10M,-0.41%
"Jul 29, 2020","10,989.95","11,025.50","11,128.60","10,927.15",257.86M,-0.61%
"Jul 29, 2021","16,513.60","16,517.15","16,563.85","16,451.25",101.54M,0.42%
"Jul 30, 2019","12,714.10","12,872.50","12,916.05","12,673.30",91.34M,-0.88%
"Jul 30, 2020","10,795.10","11,049.95","11,101.30","10,772.55",248.33M,-1.77%
"Jul 30, 2021","16,468.65","16,525.85","16,561.15","16,428.95",109.73M,-0.27%
"Jul 31, 2019","12,707.30","12,629.15","12,746.45","12,583.95",132.69M,-0.05%
"Jul 31, 2020","10,728.85","10,820.15","10,820.70","10,630.85",336.22M,-0.61%
"Jun 01, 2020","9,873.50","9,739.85","10,010.35","9,704.70",353.59M,3.64%
"Jun 01, 2021","16,646.00","16,723.90","16,794.75","16,585.45",122.32M,-0.11%
"Jun 02, 2020","10,187.95","9,934.85","10,215.80","9,859.95",307.40M,3.18%
"Jun 02, 2021","16,621.35","16,604.95","16,640.35","16,486.65",109.37M,-0.15%
"Jun 03, 2019","13,636.10","13,514.70","13,650.15","13,486.60",70.74M,1.16%
"Jun 03, 2020","10,384.50","10,378.40","10,614.65","10,337.50",414.04M,1.93%
"Jun 03, 2021","16,780.65","16,692.65","16,792.25","16,645.60",97.48M,0.96%
"Jun 04, 2019","13,610.20","13,586.30","13,664.75","13,575.65",71.79M,-0.19%
"Jun 04, 2020","10,110.85","10,381.95","10,467.50","10,077.70",336.00M,-2.64%
"Jun 04, 2021","16,744.20","16,794.40","16,866.30","16,677.10",119.66M,-0.22%
"Jun 05, 2020","10,334.85","10,171.25","10,402.40","10,094.20",413.37M,2.22%
"Jun 06, 2019","13,345.70","13,598.50","13,610.10","13,324.95",122.46M,-1.94%
"Jun 07, 2019","13,466.85","13,383.15","13,496.65","13,269.80",81.72M,0.91%
"Jun 07, 2021","16,702.85","16,779.60","16,790.50","16,653.90",88.80M,-0.25%
"Jun 08, 2020","10,360.20","10,580.95","10,636.65","10,255.10",449.17M,0.25%
"Jun 08, 2021","16,576.00","16,707.15","16,718.50","16,543.95",108.79M,-0.76%
"Jun 09, 2020","10,163.35","10,404.75","10,528.45","10,126.40",390.54M,-1.90%
"Jun 09, 2021","16,467.35","16,598.55","16,694.45","16,402.10",142.63M,-0.66%
"Jun 10, 2019","13,447.80","13,540.50","13,571.35","13,381.80",66.42M,-0.14%
"Jun 10, 2020","10,280.45","10,190.55","10,343.85","10,138.45",305.04M,1.15%
"Jun 10, 2021","16,667.25","16,510.50","16,685.15","16,437.45",103.81M,1.21%
"Jun 11, 2019","13,488.70","13,492.30","13,538.20","13,387.75",54.32M,0.30%
"Jun 11, 2020","10,035.70","10,247.15","10,304.15","10,010.75",332.94M,-2.38%
"Jun 11, 2021","16,639.40","16,749.00","16,763.25","16,601.75",81.70M,-0.17%
"Jun 12, 2019","13,362.55","13,471.15","13,471.20","13,327.40",51.78M,-0.94%
"Jun 12, 2020","10,111.75","9,586.20","10,157.15","9,585.50",367.37M,0.76%
"Jun 13, 2019","13,482.05","13,358.65","13,503.95","13,312.10",61.68M,0.89%
"Jun 14, 2019","13,369.10","13,493.35","13,518.70","13,329.25",50.51M,-0.84%
"Jun 14, 2021","16,581.70","16,593.10","16,605.45","16,344.50",87.85M,-0.35%
"Jun 15, 2020","9,817.90","10,033.05","10,044.45","9,735.75",298.02M,-2.91%
"Jun 15, 2021","16,676.80","16,642.35","16,700.50","16,587.30",90.02M,0.57%
"Jun 16, 2020","10,089.95","10,071.40","10,160.45","9,741.80",383.34M,2.77%
"Jun 16, 2021","16,576.65","16,652.00","16,712.75","16,547.40",96.51M,-0.60%
"Jun 17, 2019","13,215.55","13,381.80","13,381.85","13,202.00",87.09M,-1.15%
"Jun 17, 2020","10,007.10","10,039.50","10,219.90","9,965.75",323.22M,-0.82%
"Jun 17, 2021","16,409.55","16,369.40","16,503.40","16,351.20",91.77M,-1.01%
"Jun 18, 2019","13,229.85","13,228.40","13,295.85","13,166.15",76.38M,0.11%
"Jun 18, 2020","10,372.00","9,977.00","10,402.05","9,949.05",280.59M,3.65%
"Jun 18, 2021","16,419.25","16,484.10","16,497.45","16,139.95",136.30M,0.06%
"Jun 19, 2019","13,274.60","13,297.50","13,385.40","13,202.60",65.77M,0.34%
"Jun 19, 2020","10,534.75","10,378.50","10,574.15","10,332.35",474.09M,1.57%
"Jun 20, 2019","13,437.95","13,280.05","13,449.50","13,224.20",77.92M,1.23%
"Jun 21, 2019","13,323.30","13,442.95","13,444.90","13,295.40",82.34M,-0.85%
"Jun 21, 2021","16,534.65","16,212.15","16,560.95","16,168.80",91.57M,0.70%
"Jun 22, 2020","10,662.55","10,625.85","10,804.65","10,591.85",404.52M,1.21%
"Jun 22, 2021","16,509.30","16,643.40","16,709.45","16,478.30",97.71M,-0.15%
"Jun 23, 2020","10,881.40","10,730.25","10,917.00","10,601.35",298.00M,2.05%
"Jun 23, 2021","16,430.45","16,588.95","16,592.85","16,412.25",88.04M,-0.48%
"Jun 24, 2019","13,308.80","13,316.85","13,377.95","13,264.35",52.42M,-0.11%
"Jun 24, 2020","10,556.70","10,949.20","10,971.20","10,525.85",360.27M,-2.98%
"Jun 24, 2021","16,520.30","16,483.20","16,565.10","16,440.80",78.67M,0.55%
"Jun 25, 2019","13,419.65","13,298.15","13,441.45","13,250.05",70.89M,0.83%
"Jun 25, 2020","10,585.60","10,456.90","10,698.40","10,356.70",420.26M,0.27%
"Jun 25, 2021","16,722.35","16,579.85","16,757.55","16,558.95",97.61M,1.22%
"Jun 26, 2019","13,531.75","13,393.55","13,558.10","13,377.25",63.82M,0.84%
"Jun 26, 2020","10,588.45","10,686.90","10,699.35","10,497.85",262.71M,0.03%
"Jun 27, 2019","13,595.25","13,541.65","13,660.80","13,533.15",107.97M,0.47%
"Jun 28, 2019","13,556.40","13,599.00","13,639.00","13,528.00",133.17M,-0.29%
"Jun 28, 2021","16,667.40","16,773.60","16,806.70","16,635.25",90.72M,-0.33%
"Jun 29, 2020","10,533.20","10,463.45","10,576.90","10,352.40",247.55M,-0.52%
"Jun 29, 2021","16,545.70","16,660.40","16,665.10","16,506.15",112.92M,-0.73%
"Jun 30, 2020","10,561.90","10,597.10","10,666.35","10,499.00",247.03M,0.27%
"Jun 30, 2021","16,444.10","16,540.95","16,637.90","16,427.00",119.17M,-0.61%
"Mar 01, 2019","11,308.15","11,284.85","11,330.15","11,266.30",69.44K,0.72%
"Mar 01, 2021","16,372.85","16,314.45","16,462.35","16,199.90",121.58M,1.79%
"Mar 02, 2020","13,520.00","13,824.50","13,875.85","13,374.25",229.84M,-0.34%
"Mar 02, 2021","16,398.60","16,458.60","16,543.95","16,220.50",119.71M,0.16%
"Mar 03, 2020","13,636.95","13,595.55","13,722.15","13,478.05",197.75M,0.87%
"Mar 03, 2021","16,854.40","16,577.05","16,884.35","16,493.05",145.07M,2.78%
"Mar 04, 2020","13,439.50","13,685.00","13,695.70","13,245.45",210.36M,-1.45%
"Mar 04, 2021","16,550.60","16,516.05","16,731.30","16,445.30",157.50M,-1.80%
"Mar 05, 2019","11,500.55","11,313.50","11,507.20","11,259.25",91.33K,1.70%
"Mar 05, 2020","13,472.75","13,499.00","13,607.70","13,394.30",272.49M,0.25%
"Mar 05, 2021","16,345.95","16,408.50","16,497.45","16,223.30",174.46M,-1.24%
"Mar 06, 2019","11,581.20","11,541.55","11,595.00","11,509.30",93.26K,0.70%
"Mar 06, 2020","13,082.50","13,027.90","13,174.60","12,851.00",251.98M,-2.90%
"Mar 07, 2019","11,613.80","11,603.20","11,634.80","11,533.20",68.18K,0.28%
"Mar 08, 2019","11,619.60","11,582.85","11,626.85","11,563.35",80.88K,0.05%
"Mar 08, 2021","16,285.45","16,432.80","16,541.95","16,214.45",126.22M,-0.37%
"Mar 09, 2020","12,522.20","12,765.75","12,780.85","12,272.10",263.82M,-4.28%
"Mar 09, 2021","16,649.75","16,451.90","16,689.15","16,437.85",149.59M,2.24%
"Mar 10, 2021","16,689.70","16,745.45","16,772.55","16,610.35",101.72M,0.24%
"Mar 11, 2019","11,721.05","11,649.35","11,737.20","11,637.25",83.80K,0.87%
"Mar 11, 2020","12,560.45","12,391.40","12,692.70","12,383.45",252.46M,0.31%
"Mar 12, 2019","11,895.45","11,807.00","11,909.65","11,793.60",96.09K,1.49%
"Mar 12, 2020","11,454.80","12,037.50","12,054.45","11,293.70",331.58M,-8.80%
"Mar 12, 2021","16,506.35","16,962.85","16,962.85","16,387.00",177.61M,-1.10%
"Mar 13, 2019","12,034.15","11,915.55","12,054.00","11,855.75",102.07K,1.17%
"Mar 13, 2020","12,101.60","10,830.25","12,332.00","10,305.05",412.18M,5.65%
"Mar 14, 2019","12,027.30","12,102.25","12,116.75","11,992.65",70.22K,-0.06%
"Mar 15, 2019","12,206.40","12,057.85","12,272.05","12,052.85",147.00K,1.49%
"Mar 15, 2021","16,301.25","16,518.30","16,518.30","16,056.20",156.65M,-1.24%
"Mar 16, 2020","11,123.40","11,589.65","11,600.75","11,069.60",223.25M,-8.08%
"Mar 16, 2021","16,167.15","16,382.65","16,412.80","16,142.50",114.31M,-0.82%
"Mar 17, 2020","10,613.60","11,215.75","11,248.00","10,541.70",241.28M,-4.58%
"Mar 17, 2021","15,977.40","16,219.35","16,295.05","15,937.75",120.15M,-1.17%
"Mar 18, 2019","12,269.95","12,265.15","12,372.30","12,196.80",87.90K,0.52%
"Mar 18, 2020","9,800.30","10,709.45","10,753.40","9,711.40",346.70M,-7.66%
"Mar 18, 2021","15,848.60","16,135.15","16,202.10","15,774.15",139.42M,-0.81%
"Mar 19, 2019","12,314.85","12,312.60","12,331.80","12,259.25",95.32K,0.37%
"Mar 19, 2020","9,598.35","9,234.70","10,081.60","8,866.65",372.36M,-2.06%
"Mar 19, 2021","15,985.35","15,733.10","16,091.25","15,642.90",206.51M,0.86%
"Mar 20, 2019","12,351.05","12,324.70","12,384.80","12,279.20",87.18K,0.29%
"Mar 20, 2020","9,871.95","9,539.95","10,113.30","9,175.80",454.85M,2.85%
"Mar 22, 2019","12,261.60","12,386.45","12,423.05","12,239.90",92.71K,-0.72%
"Mar 22, 2021","15,802.25","15,967.45","15,984.60","15,668.95",124.77M,-1.15%
"Mar 23, 2020","8,298.50","8,898.40","9,210.20","8,239.15",273.31M,-15.94%
"Mar 23, 2021","15,944.40","15,854.05","16,023.50","15,748.10",145.87M,0.90%
"Mar 24, 2020","8,418.70","8,623.00","8,746.70","7,984.20",303.85M,1.45%
"Mar 24, 2021","15,604.45","15,818.60","15,863.75","15,574.05",130.59M,-2.13%
"Mar 25, 2019","12,136.10","12,175.80","12,175.80","12,086.90",140.81K,-1.02%
"Mar 25, 2020","9,203.30","8,285.25","9,247.85","8,256.45",294.95M,9.32%
"Mar 25, 2021","15,474.75","15,677.90","15,708.30","15,287.65",170.18M,-0.83%
"Mar 26, 2019","12,323.45","12,155.90","12,344.80","12,142.05",133.20K,1.54%
"Mar 26, 2020","9,698.55","9,366.95","10,073.85","9,174.25",394.29M,5.38%
"Mar 26, 2021","15,717.20","15,728.55","15,801.05","15,614.70",127.29M,1.57%
"Mar 27, 2019","12,302.85","12,377.70","12,419.65","12,228.60",105.80K,-0.17%
"Mar 27, 2020","9,754.30","10,159.00","10,428.60","9,594.60",405.22M,0.57%
"Mar 28, 2019","12,474.35","12,308.15","12,489.90","12,293.15",157.24K,1.39%
"Mar 29, 2019","12,544.15","12,510.35","12,552.75","12,418.45",123.94K,0.56%
"Mar 30, 2020","9,030.65","9,408.00","9,528.55","8,993.60",254.53M,-7.42%
"Mar 30, 2021","16,037.85","15,866.40","16,067.90","15,850.55",157.39M,2.04%
"Mar 31, 2020","9,317.30","9,327.75","9,439.95","9,106.20",238.86M,3.17%
"Mar 31, 2021","15,715.60","15,991.60","15,994.60","15,662.80",133.47M,-2.01%
"May 02, 2019","12,583.80","12,542.20","12,637.05","12,517.80",67.72K,0.23%
"May 03, 2019","12,637.00","12,604.95","12,712.40","12,602.85",68.39K,0.42%
"May 03, 2021","15,529.20","15,338.70","15,575.75","15,238.75",138.77M,-0.20%
"May 04, 2020","9,679.95","10,120.65","10,128.20","9,627.10",236.13M,-8.43%
"May 04, 2021","15,401.60","15,588.15","15,721.90","15,377.80",165.75M,-0.82%
"May 05, 2020","9,483.15","9,856.00","9,912.35","9,460.00",302.02M,-2.03%
"May 05, 2021","15,556.90","15,531.90","15,607.50","15,313.30",127.45M,1.01%
"May 06, 2019","12,477.40","12,499.55","12,539.55","12,444.55",61.78K,-1.26%
"May 06, 2020","9,727.00","9,524.40","9,806.95","9,385.85",325.61M,2.57%
"May 06, 2021","15,654.70","15,622.15","15,681.95","15,526.35",107.78M,0.63%
"May 07, 2019","12,363.65","12,525.85","12,568.75","12,345.35",83.55K,-0.91%
"May 07, 2020","9,575.75","9,668.70","9,737.85","9,557.80",206.62M,-1.55%
"May 07, 2021","15,771.05","15,786.65","15,847.80","15,662.95",106.49M,0.74%
"May 08, 2019","12,216.15","12,345.20","12,345.20","12,201.15",75.56K,-1.19%
"May 08, 2020","9,559.35","9,751.85","9,775.80","9,535.90",230.16M,-0.17%
"May 09, 2019","12,174.25","12,176.55","12,242.20","12,121.45",63.10K,-0.34%
"May 10, 2019","12,248.00","12,185.55","12,324.90","12,181.50",104.97K,0.61%
"May 10, 2021","15,904.75","15,900.90","15,974.15","15,855.00",117.80M,0.85%
"May 11, 2020","9,386.05","9,684.00","9,729.45","9,362.65",267.41M,-1.81%
"May 11, 2021","15,699.90","15,678.80","15,821.80","15,631.80",129.79M,-1.29%
"May 12, 2020","9,365.85","9,271.60","9,417.25","9,052.75",311.08M,-0.22%
"May 12, 2021","15,507.35","15,631.85","15,633.15","15,457.35",134.54M,-1.23%
"May 13, 2019","12,179.95","12,242.80","12,307.10","12,155.45",80.06K,-0.56%
"May 13, 2020","9,679.60","9,867.85","9,909.50","9,604.90",395.20M,3.35%
"May 14, 2019","12,225.90","12,204.15","12,335.60","12,125.80",89.90K,0.38%
"May 14, 2020","9,355.65","9,499.85","9,581.65","9,337.20",303.27M,-3.35%
"May 14, 2021","15,412.35","15,517.95","15,554.50","15,347.65",117.10M,-0.61%
"May 15, 2019","12,209.30","12,282.40","12,315.50","12,186.70",71.11K,-0.14%
"May 15, 2020","9,291.60","9,386.35","9,391.30","9,195.30",194.01M,-0.68%
"May 16, 2019","12,325.55","12,223.45","12,362.25","12,174.50",57.61K,0.95%
"May 17, 2019","12,640.80","12,334.10","12,676.45","12,324.65",82.12K,2.56%
"May 17, 2021","15,905.20","15,533.05","15,928.65","15,467.60",194.36M,3.20%
"May 18, 2020","8,675.40","9,275.40","9,275.65","8,654.00",356.52M,-6.63%
"May 18, 2021","16,140.15","16,079.40","16,208.85","16,034.55",164.04M,1.48%
"May 19, 2020","8,715.25","8,920.05","8,986.65","8,650.15",310.20M,0.46%
"May 19, 2021","15,981.45","16,067.85","16,168.90","15,954.60",119.08M,-0.98%
"May 20, 2019","13,222.45","12,953.20","13,263.10","12,919.15",137.90K,4.60%
"May 20, 2020","8,983.50","8,737.85","9,033.85","8,716.95",258.47M,3.08%
"May 20, 2021","15,832.40","16,002.85","16,047.95","15,809.80",137.04M,-0.93%
"May 21, 2019","13,084.75","13,271.55","13,348.45","13,056.15",92.52K,-1.04%
"May 21, 2020","8,924.35","9,019.35","9,142.95","8,900.65",243.60M,-0.66%
"May 21, 2021","16,339.85","15,950.80","16,373.10","15,948.25",298.00M,3.21%
"May 22, 2019","13,156.00","13,132.30","13,224.70","13,079.15",78.33K,0.54%
"May 22, 2020","8,651.70","8,846.25","9,001.10","8,574.50",373.30M,-3.06%
"May 23, 2019","13,028.35","13,332.60","13,581.70","12,980.70",179.61K,-0.97%
"May 24, 2019","13,304.35","13,128.25","13,330.25","13,062.85",110.32K,2.12%
"May 24, 2021","16,444.60","16,399.75","16,556.90","16,303.70",231.61M,0.64%
"May 25, 2021","16,327.90","16,523.50","16,535.40","16,243.55",133.28M,-0.71%
"May 26, 2020","8,673.65","8,750.10","8,869.80","8,634.10",231.66M,0.25%
"May 26, 2021","16,413.30","16,381.10","16,458.70","16,274.70",119.92M,0.52%
"May 27, 2019","13,498.20","13,323.10","13,520.75","13,293.95",88.29K,1.46%
"May 27, 2020","9,181.50","8,743.00","9,235.05","8,687.10",403.95M,5.86%
"May 27, 2021","16,438.90","16,420.75","16,492.65","16,290.95",235.39M,0.16%
"May 28, 2019","13,447.20","13,523.15","13,523.15","13,336.15",91.94K,-0.38%
"May 28, 2020","9,426.65","9,274.25","9,521.70","9,246.35",356.98M,2.67%
"May 28, 2021","16,495.30","16,531.60","16,603.05","16,433.15",159.27M,0.34%
"May 29, 2019","13,361.55","13,404.90","13,448.15","13,334.55",100.47K,-0.64%
"May 29, 2020","9,527.05","9,357.05","9,552.90","9,250.15",402.29M,1.07%
"May 30, 2019","13,515.95","13,349.85","13,528.50","13,335.05",89.90M,1.16%
"May 31, 2019","13,479.80","13,567.30","13,623.60","13,200.60",110.62M,-0.27%
"May 31, 2021","16,663.65","16,476.10","16,690.55","16,383.70",126.85M,1.02%
"Nov 01, 2019","13,585.30","13,562.75","13,628.60","13,512.30",98.12M,0.51%
"Nov 01, 2021","19,009.65","18,931.45","19,095.20","18,724.55",92.43M,1.15%
"Nov 02, 2020","12,089.05","11,789.80","12,174.00","11,700.95",245.96M,3.89%
"Nov 02, 2021","19,074.85","19,040.20","19,148.20","18,955.05",91.29M,0.34%
"Nov 03, 2020","12,468.20","12,158.85","12,497.00","12,150.70",223.79M,3.14%
"Nov 03, 2021","18,930.10","19,126.45","19,220.50","18,853.60",143.84M,-0.76%
"Nov 04, 2019","13,671.10","13,649.45","13,705.90","13,570.05",85.50M,0.63%
"Nov 04, 2020","12,458.25","12,403.50","12,507.05","12,215.45",246.25M,-0.08%
"Nov 04, 2021","18,994.20","19,031.60","19,056.80","18,971.20",18.11M,0.34%
"Nov 05, 2019","13,669.40","13,730.30","13,748.35","13,613.65",104.00M,-0.01%
"Nov 05, 2020","12,659.35","12,601.85","12,684.45","12,542.15",258.87M,1.61%
"Nov 06, 2019","13,828.45","13,684.25","13,860.70","13,571.35",93.86M,1.16%
"Nov 06, 2020","12,893.80","12,653.00","12,915.65","12,612.00",204.04M,1.85%
"Nov 07, 2019","13,894.90","13,908.60","13,936.40","13,828.00",105.64M,0.48%
"Nov 08, 2019","13,868.65","13,880.40","14,008.80","13,825.60",115.70M,-0.19%
"Nov 08, 2021","19,216.20","19,102.65","19,258.45","18,938.60",113.27M,1.17%
"Nov 09, 2020","13,158.25","13,007.95","13,184.70","13,001.90",204.86M,2.05%
"Nov 09, 2021","19,085.30","19,212.30","19,226.10","19,014.15",86.49M,-0.68%
"Nov 10, 2020","13,698.60","13,377.90","13,736.65","13,340.25",347.06M,4.11%
"Nov 10, 2021","19,010.25","18,995.20","19,054.85","18,874.25",72.27M,-0.39%
"Nov 11, 2019","13,969.10","13,838.75","13,998.60","13,822.50",72.85M,0.72%
"Nov 11, 2020","13,889.90","13,751.90","13,928.20","13,633.15",318.26M,1.40%
"Nov 11, 2021","18,772.80","18,948.10","18,956.55","18,688.10",70.77M,-1.25%
"Nov 12, 2020","13,743.35","13,783.25","13,801.70","13,611.30",212.70M,-1.06%
"Nov 12, 2021","18,976.20","18,855.85","18,996.05","18,764.50",88.11M,1.08%
"Nov 13, 2019","13,806.40","13,955.45","13,996.20","13,785.30",90.41M,-1.16%
"Nov 13, 2020","13,779.75","13,676.60","13,798.20","13,531.60",215.46M,0.26%
"Nov 14, 2019","13,947.35","13,852.05","13,965.65","13,751.25",115.35M,1.02%
"Nov 15, 2019","14,021.00","13,995.45","14,094.55","13,969.25",168.94M,0.53%
"Nov 15, 2021","18,955.25","19,031.75","19,122.95","18,894.30",74.95M,-0.11%
"Nov 16, 2021","18,805.75","18,945.00","18,964.00","18,768.15",72.29M,-0.79%
"Nov 17, 2020","14,109.35","13,948.65","14,128.80","13,884.05",224.36M,2.39%
"Nov 17, 2021","18,679.95","18,707.85","18,866.40","18,653.50",81.89M,-0.67%
"Nov 18, 2019","14,002.70","14,025.35","14,075.65","13,955.45",105.80M,-0.13%
"Nov 18, 2020","14,301.45","14,071.50","14,315.85","14,038.95",250.24M,1.36%
"Nov 18, 2021","18,606.35","18,677.10","18,771.90","18,546.75",87.30M,-0.39%
"Nov 19, 2019","14,008.90","14,007.15","14,052.95","13,956.65",111.73M,0.04%
"Nov 19, 2020","13,973.50","14,127.05","14,276.80","13,942.80",252.97M,-2.29%
"Nov 20, 2019","13,982.20","14,030.85","14,058.35","13,965.35",87.25M,-0.19%
"Nov 20, 2020","14,210.50","13,994.65","14,273.05","13,936.20",231.50M,1.70%
"Nov 21, 2019","14,019.20","13,995.45","14,052.95","13,928.55",88.38M,0.26%
"Nov 22, 2019","13,952.10","14,024.90","14,026.35","13,919.80",74.00M,-0.48%
"Nov 22, 2021","18,177.20","18,667.80","18,691.15","17,998.45",108.62M,-2.31%
"Nov 23, 2020","14,059.10","14,293.75","14,309.85","13,989.65",198.59M,-1.07%
"Nov 23, 2021","18,261.50","17,995.40","18,331.90","17,959.95",103.51M,0.46%
"Nov 24, 2020","14,275.25","14,170.95","14,312.60","14,139.05",198.92M,1.54%
"Nov 24, 2021","18,304.35","18,300.60","18,521.60","18,233.05",95.16M,0.23%
"Nov 25, 2019","14,155.75","13,946.55","14,169.40","13,940.70",86.37M,1.46%
"Nov 25, 2020","14,011.70","14,393.55","14,439.30","13,981.75",234.92M,-1.85%
"Nov 25, 2021","18,264.45","18,278.25","18,323.85","18,148.80",74.04M,-0.22%
"Nov 26, 2019","14,207.45","14,212.90","14,252.90","14,108.00",369.64M,0.37%
"Nov 26, 2020","14,237.65","14,080.15","14,271.75","13,944.30",226.20M,1.61%
"Nov 26, 2021","17,614.70","17,998.00","18,042.40","17,575.15",105.88M,-3.56%
"Nov 27, 2019","14,266.05","14,248.20","14,295.45","14,202.80",99.97M,0.41%
"Nov 27, 2020","14,293.15","14,277.25","14,334.15","14,136.15",336.17M,0.39%
"Nov 28, 2019","14,287.00","14,303.25","14,330.10","14,239.55",116.63M,0.15%
"Nov 29, 2019","14,208.85","14,276.10","14,284.70","14,133.70",77.67M,-0.55%
"Nov 29, 2021","17,629.95","17,661.25","17,762.65","17,282.85",93.71M,0.09%
"Nov 30, 2021","17,534.75","17,558.30","18,007.15","17,477.90",245.87M,-0.54%
"Oct 01, 2019","12,995.50","13,068.60","13,184.35","12,771.15",209.06M,-0.17%
"Oct 01, 2020","10,949.60","10,726.80","10,968.45","10,717.75",149.35M,3.08%
"Oct 01, 2021","18,137.80","18,181.75","18,197.20","18,041.60",74.14M,-0.91%
"Oct 03, 2019","12,847.75","12,943.15","12,985.95","12,786.70",135.85M,-1.14%
"Oct 04, 2019","12,593.25","12,945.70","12,972.25","12,565.90",136.91M,-1.98%
"Oct 04, 2021","18,312.45","18,239.20","18,406.05","18,217.55",64.82M,0.96%
"Oct 05, 2020","10,963.25","10,981.95","11,137.45","10,943.40",148.11M,0.12%
"Oct 05, 2021","18,367.05","18,275.60","18,388.45","18,230.30",80.68M,0.30%
"Oct 06, 2020","11,308.90","11,098.30","11,329.75","11,092.40",136.74M,3.15%
"Oct 06, 2021","18,309.15","18,378.60","18,562.00","18,274.90",79.70M,-0.32%
"Oct 07, 2019","12,589.15","12,648.50","12,773.05","12,535.00",116.29M,-0.03%
"Oct 07, 2020","11,340.90","11,304.90","11,380.10","11,190.80",137.34M,0.28%
"Oct 07, 2021","18,336.95","18,479.30","18,487.15","18,320.20",61.75M,0.15%
"Oct 08, 2020","11,433.50","11,423.85","11,536.15","11,375.75",163.78M,0.82%
"Oct 08, 2021","18,274.10","18,392.30","18,451.10","18,258.15",58.81M,-0.34%
"Oct 09, 2019","12,970.45","12,652.00","12,992.40","12,589.95",145.70M,3.03%
"Oct 09, 2020","11,648.45","11,477.10","11,726.20","11,420.90",225.89M,1.88%
"Oct 10, 2019","12,721.80","12,884.20","12,890.45","12,672.45",96.48M,-1.92%
"Oct 11, 2019","12,769.35","12,814.60","12,956.85","12,643.05",106.69M,0.37%
"Oct 11, 2021","18,527.65","18,315.75","18,621.70","18,299.80",66.85M,1.39%
"Oct 12, 2020","11,589.90","11,691.50","11,798.95","11,518.50",169.98M,-0.50%
"Oct 12, 2021","18,589.50","18,483.25","18,632.40","18,455.55",74.88M,0.33%
"Oct 13, 2020","11,480.95","11,572.60","11,612.05","11,449.85",126.30M,-0.94%
"Oct 13, 2021","18,652.50","18,693.35","18,720.90","18,601.20",68.40M,0.34%
"Oct 14, 2019","12,791.20","12,842.15","12,944.75","12,738.35",89.01M,0.17%
"Oct 14, 2020","11,686.65","11,435.85","11,722.55","11,344.15",141.99M,1.79%
"Oct 14, 2021","18,947.65","18,668.90","18,965.20","18,653.70",124.19M,1.58%
"Oct 15, 2019","12,904.60","12,821.55","12,963.75","12,806.10",73.47M,0.89%
"Oct 15, 2020","11,341.60","11,705.35","11,771.35","11,309.05",170.63M,-2.95%
"Oct 16, 2019","12,978.40","12,961.05","13,018.75","12,883.45",95.45M,0.57%
"Oct 16, 2020","11,512.80","11,395.90","11,569.15","11,364.10",126.58M,1.51%
"Oct 17, 2019","13,144.75","13,012.50","13,169.80","12,977.85",92.22M,1.28%
"Oct 18, 2019","13,213.45","13,143.10","13,233.50","13,100.40",93.50M,0.52%
"Oct 18, 2021","19,034.30","19,194.60","19,196.65","19,001.30",105.17M,0.46%
"Oct 19, 2020","11,803.75","11,691.55","11,825.65","11,631.10",198.47M,2.53%
"Oct 19, 2021","19,068.45","19,143.55","19,175.40","18,957.40",93.52M,0.18%
"Oct 20, 2020","11,820.80","11,770.70","11,880.20","11,730.00",141.85M,0.14%
"Oct 20, 2021","18,957.55","19,084.60","19,109.90","18,878.90",100.75M,-0.58%
"Oct 21, 2020","11,964.40","11,880.50","12,022.55","11,724.10",204.19M,1.21%
"Oct 21, 2021","19,188.85","19,049.25","19,247.65","18,925.55",91.38M,1.22%
"Oct 22, 2019","13,344.45","13,350.30","13,477.45","13,287.70",123.80M,0.99%
"Oct 22, 2020","11,921.35","11,885.20","12,003.30","11,818.95",161.18M,-0.36%
"Oct 22, 2021","19,302.95","19,263.30","19,508.80","19,234.85",102.97M,0.59%
"Oct 23, 2019","13,398.65","13,399.05","13,465.45","13,296.30",108.72M,0.41%
"Oct 23, 2020","11,947.40","12,003.05","12,043.55","11,898.65",147.90M,0.22%
"Oct 24, 2019","13,334.30","13,461.55","13,506.40","13,287.90",127.45M,-0.48%
"Oct 25, 2019","13,346.80","13,382.10","13,401.65","13,186.75",176.97M,0.09%
"Oct 25, 2021","19,559.50","19,525.95","19,778.95","19,312.85",207.02M,1.33%
"Oct 26, 2020","11,827.85","11,957.40","11,976.95","11,722.05",148.08M,-1.00%
"Oct 26, 2021","19,651.10","19,517.50","19,696.30","19,463.85",107.88M,0.47%
"Oct 27, 2020","12,082.10","11,905.00","12,102.10","11,771.35",205.04M,2.15%
"Oct 27, 2021","19,504.75","19,664.75","19,715.30","19,444.75",143.77M,-0.74%
"Oct 28, 2020","11,802.40","12,070.65","12,070.65","11,747.90",169.74M,-2.31%
"Oct 28, 2021","18,987.55","19,493.45","19,504.95","18,917.15",114.47M,-2.65%
"Oct 29, 2019","13,516.35","13,389.95","13,555.25","13,351.35",127.59M,1.27%
"Oct 29, 2020","11,710.65","11,702.95","11,846.30","11,633.35",185.37M,-0.78%
"Oct 29, 2021","18,792.85","18,954.50","19,041.90","18,568.85",124.29M,-1.03%
"Oct 30, 2019","13,539.80","13,581.50","13,619.40","13,500.55",114.03M,0.17%
"Oct 30, 2020","11,636.05","11,699.30","11,783.70","11,511.45",183.25M,-0.64%
"Oct 31, 2019","13,516.45","13,617.05","13,650.50","13,489.00",192.46M,-0.17%
"Sep 01, 2020","11,493.60","11,480.10","11,629.80","11,340.10",230.32M,0.92%
"Sep 01, 2021","18,036.00","18,106.70","18,248.15","17,999.05",109.21M,-0.19%
"Sep 02, 2020","11,490.55","11,468.60","11,522.70","11,363.40",158.86M,-0.03%
"Sep 02, 2021","18,181.80","18,047.20","18,203.40","17,995.80",88.92M,0.81%
"Sep 03, 2019","12,134.95","12,323.80","12,332.70","12,100.95",73.47M,-2.28%
"Sep 03, 2020","11,371.35","11,526.70","11,555.55","11,346.05",126.71M,-1.04%
"Sep 03, 2021","18,130.55","18,180.30","18,286.80","18,030.15",85.24M,-0.28%
"Sep 04, 2019","12,260.35","12,125.70","12,326.15","12,064.45",87.69M,1.03%
"Sep 04, 2020","11,157.75","11,183.30","11,282.20","11,087.95",190.91M,-1.88%
"Sep 05, 2019","12,122.75","12,249.55","12,272.75","12,098.00",94.12M,-1.12%
"Sep 06, 2019","12,235.90","12,153.45","12,268.60","12,129.40",85.07M,0.93%
"Sep 06, 2021","18,077.20","18,193.55","18,201.55","18,048.30",67.20M,-0.29%
"Sep 07, 2020","11,143.50","11,171.40","11,194.25","11,059.15",145.07M,-0.13%
"Sep 07, 2021","18,103.95","18,074.40","18,185.50","17,899.95",66.61M,0.15%
"Sep 08, 2020","11,086.20","11,153.35","11,205.20","11,046.25",141.36M,-0.51%
"Sep 08, 2021","18,207.45","18,115.80","18,244.80","18,060.00",92.31M,0.57%
"Sep 09, 2019","12,341.90","12,243.15","12,379.70","12,148.10",71.11M,0.87%
"Sep 09, 2020","10,887.60","10,982.65","11,029.65","10,827.15",192.87M,-1.79%
"Sep 09, 2021","18,160.55","18,167.75","18,243.20","18,095.25",70.14M,-0.26%
"Sep 10, 2020","10,968.05","10,978.80","11,062.25","10,871.45",181.91M,0.74%
"Sep 11, 2019","12,382.10","12,389.40","12,414.60","12,332.90",78.19M,0.33%
"Sep 11, 2020","10,966.95","10,988.05","11,054.30","10,873.05",144.79M,-0.01%
"Sep 12, 2019","12,422.25","12,425.85","12,534.40","12,401.05",78.88M,0.32%
"Sep 13, 2019","12,513.00","12,405.60","12,523.00","12,340.70",87.30M,0.73%
"Sep 13, 2021","18,126.60","18,146.35","18,198.00","18,009.15",63.87M,-0.19%
"Sep 14, 2020","10,782.65","11,056.40","11,086.00","10,754.45",179.09M,-1.68%
"Sep 14, 2021","18,103.85","18,212.75","18,230.00","18,090.90",58.26M,-0.13%
"Sep 15, 2020","10,925.95","10,850.30","10,950.35","10,798.65",149.18M,1.33%
"Sep 15, 2021","18,158.25","18,067.95","18,201.95","18,063.95",80.55M,0.30%
"Sep 16, 2019","12,397.70","12,436.80","12,478.35","12,379.50",67.16M,-0.92%
"Sep 16, 2020","11,016.10","10,936.50","11,041.50","10,873.55",155.24M,0.83%
"Sep 16, 2021","18,356.75","18,160.15","18,379.30","18,116.75",117.94M,1.09%
"Sep 17, 2019","12,111.05","12,361.35","12,376.60","12,073.45",91.09M,-2.31%
"Sep 17, 2020","10,881.15","10,917.15","10,980.80","10,851.10",129.71M,-1.23%
"Sep 17, 2021","18,476.25","18,477.45","18,634.25","18,305.75",171.98M,0.65%
"Sep 18, 2019","12,116.20","12,190.95","12,231.80","12,086.10",86.75M,0.04%
"Sep 18, 2020","10,746.85","10,938.75","10,944.10","10,670.35",221.53M,-1.23%
"Sep 19, 2019","12,001.25","12,120.25","12,120.25","11,943.10",94.32M,-0.95%
"Sep 20, 2019","12,859.85","12,061.15","12,998.95","11,989.70",298.10M,7.15%
"Sep 20, 2021","18,177.95","18,278.05","18,472.55","18,138.85",69.83M,-1.61%
"Sep 21, 2020","10,527.20","10,728.00","10,775.10","10,488.95",166.90M,-2.04%
"Sep 21, 2021","18,310.05","18,239.35","18,342.10","17,958.45",73.75M,0.73%
"Sep 22, 2020","10,414.85","10,562.10","10,565.05","10,355.50",177.09M,-1.07%
"Sep 22, 2021","18,152.10","18,312.55","18,330.05","18,129.60",60.87M,-0.86%
"Sep 23, 2019","13,560.25","13,278.05","13,657.00","13,180.85",220.96M,5.45%
"Sep 23, 2020","10,426.50","10,511.95","10,515.95","10,294.20",147.72M,0.11%
"Sep 23, 2021","18,566.20","18,300.35","18,590.85","18,259.40",87.81M,2.28%
"Sep 24, 2019","13,398.35","13,515.90","13,616.60","13,287.30",124.12M,-1.19%
"Sep 24, 2020","10,134.80","10,301.45","10,329.40","10,113.55",183.76M,-2.80%
"Sep 24, 2021","18,630.00","18,644.65","18,692.10","18,521.15",67.80M,0.34%
"Sep 25, 2019","13,141.30","13,352.40","13,360.85","13,082.65",147.59M,-1.92%
"Sep 25, 2020","10,332.25","10,257.65","10,376.45","10,114.50",157.23M,1.95%
"Sep 26, 2019","13,288.25","13,164.05","13,527.25","13,159.85",194.88M,1.12%
"Sep 27, 2019","13,282.65","13,286.40","13,382.00","13,220.20",102.88M,-0.04%
"Sep 27, 2021","18,706.85","18,720.70","18,822.05","18,663.60",61.16M,0.41%
"Sep 28, 2020","10,591.35","10,416.75","10,613.55","10,363.50",132.85M,2.51%
"Sep 28, 2021","18,534.75","18,779.00","18,794.20","18,261.55",106.50M,-0.92%
"Sep 29, 2020","10,561.90","10,647.45","10,680.45","10,482.35",124.41M,-0.28%
"Sep 29, 2021","18,371.30","18,382.50","18,447.80","18,270.65",133.00M,-0.88%
"Sep 30, 2019","13,017.30","13,206.10","13,232.35","12,962.50",131.46M,-2.00%
"Sep 30, 2020","10,622.40","10,562.10","10,667.45","10,480.65",128.73M,0.57%
"Sep 30, 2021","18,303.80","18,338.40","18,465.80","18,264.60",105.02M,-0.37%
