Date,Price,Open,High,Low,Volume,Chg%
"Jan 14, 2022","38,826.85","38,351.35","38,892.65","38,049.60",35.68M,0.57%
"Jan 13, 2022","38,607.00","38,768.85","38,886.85","38,151.05",61.24M,0.01%
"Jan 12, 2022","38,604.75","38,857.75","38,902.80","38,424.75",28.08M,0.00%
"Jan 11, 2022","38,605.45","38,186.95","38,664.40","38,138.00",26.60M,1.03%
"Jan 10, 2022","38,212.20","38,596.75","38,621.90","37,991.30",32.78M,0.19%
"Jan 07, 2022","38,139.85","38,140.15","38,394.80","38,003.15",21.59M,0.34%
"Jan 06, 2022","38,009.00","38,181.35","38,206.60","37,757.20",25.87M,-1.55%
"Jan 05, 2022","38,609.15","39,261.55","39,293.15","38,409.25",25.22M,-1.93%
"Jan 04, 2022","39,370.70","39,243.50","39,446.70","38,828.60",19.91M,0.63%
"Jan 03, 2022","39,123.80","38,752.60","39,286.35","38,752.55",16.72M,1.09%
"Dec 31, 2021","38,701.05","38,708.15","38,861.10","38,468.40",16.31M,0.11%
"Dec 30, 2021","38,658.80","38,231.15","38,897.60","38,153.35",27.15M,1.00%
"Dec 29, 2021","38,274.65","38,269.10","38,484.90","38,181.90",14.16M,-0.22%
"Dec 28, 2021","38,357.80","38,184.60","38,500.25","38,164.45",19.04M,0.97%
"Dec 27, 2021","37,988.50","37,722.90","38,029.30","37,431.00",19.02M,0.69%
"Dec 24, 2021","37,727.80","37,657.15","37,822.15","37,417.65",34.39M,0.98%
"Dec 23, 2021","37,362.85","37,190.30","37,528.00","37,086.90",18.53M,1.01%
"Dec 22, 2021","36,989.15","36,853.85","37,014.75","36,669.00",18.91M,0.99%
"Dec 21, 2021","36,627.15","36,159.20","36,970.55","36,147.60",32.35M,1.98%
"Dec 20, 2021","35,916.45","36,411.85","36,598.35","35,559.30",29.33M,-2.00%
"Dec 17, 2021","36,647.90","36,704.20","37,013.25","36,497.95",89.15M,1.35%
"Dec 16, 2021","36,160.30","36,078.30","36,354.85","35,979.15",18.93M,1.18%
"Dec 15, 2021","35,737.20","36,033.90","36,060.00","35,536.15",13.15M,-1.01%
"Dec 14, 2021","36,102.55","35,946.75","36,252.05","35,637.85",17.36M,0.14%
"Dec 13, 2021","36,050.55","36,104.35","36,507.30","35,984.55",20.41M,0.31%
"Dec 10, 2021","35,939.60","35,820.05","35,974.75","35,652.20",11.77M,-0.02%
"Dec 09, 2021","35,946.35","35,963.70","36,114.00","35,573.35",12.35M,-0.04%
"Dec 08, 2021","35,959.05","35,584.80","36,131.95","35,576.85",18.55M,1.95%
"Dec 07, 2021","35,272.30","35,136.55","35,384.00","34,756.60",16.18M,1.13%
"Dec 06, 2021","34,879.40","35,835.45","35,953.75","34,828.15",17.54M,-2.70%
"Dec 03, 2021","35,848.05","36,314.80","36,518.80","35,784.15",22.49M,-0.86%
"Dec 02, 2021","36,157.85","35,504.80","36,195.65","35,418.25",23.59M,2.06%
"Dec 01, 2021","35,429.00","35,143.00","35,652.20","35,123.95",20.21M,1.10%
"Nov 30, 2021","35,043.75","35,018.90","35,654.20","34,918.60",68.20M,0.50%
"Nov 29, 2021","34,870.75","34,382.40","35,104.35","33,953.90",20.99M,0.76%
"Nov 26, 2021","34,606.15","35,024.70","35,190.10","34,512.60",17.37M,-1.97%
"Nov 25, 2021","35,300.25","34,978.00","35,365.75","34,934.55",16.93M,0.96%
"Nov 24, 2021","34,966.25","35,627.95","35,662.60","34,828.30",20.21M,-1.52%
"Nov 23, 2021","35,504.40","35,206.00","35,645.45","34,707.85",24.09M,0.07%
"Nov 22, 2021","35,478.95","36,097.00","36,097.00","35,224.55",24.25M,-1.47%
"Nov 18, 2021","36,007.00","36,641.55","36,702.40","35,867.30",21.99M,-1.78%
"Nov 17, 2021","36,660.90","36,623.75","36,835.95","36,431.25",19.69M,0.05%
"Nov 16, 2021","36,643.90","36,555.25","36,794.25","36,429.90",23.78M,0.49%
"Nov 15, 2021","36,465.30","36,391.10","36,646.25","36,302.95",18.65M,0.37%
"Nov 12, 2021","36,332.30","35,860.10","36,378.05","35,732.75",23.46M,2.10%
"Nov 11, 2021","35,583.65","35,626.65","35,697.00","35,141.30",19.63M,-0.39%
"Nov 10, 2021","35,722.95","35,635.05","35,862.45","35,576.20",15.50M,-0.26%
"Nov 09, 2021","35,815.10","35,839.20","36,117.95","35,763.85",18.28M,0.09%
"Nov 08, 2021","35,782.35","35,606.00","35,852.50","35,177.95",22.09M,1.27%
"Nov 04, 2021","35,334.25","35,403.00","35,452.35","35,302.45",2.23M,0.45%
"Nov 03, 2021","35,177.10","35,351.45","35,525.75","35,093.05",14.98M,0.00%
"Nov 02, 2021","35,177.35","35,334.25","35,522.35","35,076.15",17.67M,-0.32%
"Nov 01, 2021","35,290.00","34,677.30","35,328.55","34,654.95",19.65M,2.56%
"Oct 29, 2021","34,408.75","34,820.30","35,178.75","34,288.55",26.86M,-1.45%
"Oct 28, 2021","34,913.60","35,575.65","35,575.65","34,787.10",22.63M,-1.66%
"Oct 27, 2021","35,503.90","35,245.05","35,578.00","35,163.05",23.64M,0.97%
"Oct 26, 2021","35,162.35","35,181.70","35,699.85","34,957.75",40.79M,0.45%
"Oct 25, 2021","35,005.40","35,467.10","35,521.05","34,529.85",32.12M,-1.10%
"Oct 22, 2021","35,394.65","35,892.65","36,297.20","35,098.20",30.43M,-1.45%
"Oct 21, 2021","35,913.60","36,988.90","36,988.90","35,624.50",38.32M,-2.53%
"Oct 20, 2021","36,846.80","37,188.15","37,463.90","36,534.50",37.45M,-0.70%
"Oct 19, 2021","37,106.35","36,841.60","37,491.85","36,720.00",53.75M,2.20%
"Oct 18, 2021","36,306.35","36,012.00","36,400.60","35,863.40",58.76M,1.57%
"Oct 14, 2021","35,744.85","35,921.45","36,412.45","35,571.40",111.66M,1.30%
"Oct 13, 2021","35,285.60","35,053.70","35,324.45","34,872.40",29.44M,1.19%
"Oct 12, 2021","34,869.75","35,179.20","35,294.15","34,512.80",41.08M,-0.88%
"Oct 11, 2021","35,179.95","35,494.40","35,690.40","34,768.95",43.09M,-3.36%
"Oct 08, 2021","36,402.00","35,920.55","36,703.55","35,786.30",31.05M,1.96%
"Oct 07, 2021","35,703.85","35,323.60","35,903.95","35,233.30",17.78M,1.79%
"Oct 06, 2021","35,075.80","35,689.55","35,801.50","35,003.05",18.52M,-1.32%
"Oct 05, 2021","35,544.30","34,978.40","35,650.85","34,781.60",20.63M,1.19%
"Oct 04, 2021","35,126.15","34,923.80","35,184.55","34,778.25",16.78M,0.99%
"Oct 01, 2021","34,780.60","34,955.50","35,100.90","34,719.80",20.01M,-0.71%
"Sep 30, 2021","35,028.00","35,394.90","35,408.10","34,975.60",25.37M,-0.72%
"Sep 29, 2021","35,282.65","34,894.90","35,578.30","34,733.95",36.96M,0.12%
"Sep 28, 2021","35,239.95","36,082.00","36,082.00","34,924.55",34.16M,-2.20%
"Sep 27, 2021","36,034.40","37,335.90","37,345.05","35,968.75",29.88M,-2.88%
"Sep 24, 2021","37,103.25","37,128.75","37,823.15","37,055.00",39.37M,0.78%
"Sep 23, 2021","36,816.90","36,691.95","36,867.45","36,532.45",16.66M,1.08%
"Sep 22, 2021","36,422.45","36,154.05","36,713.15","36,145.95",25.69M,0.93%
"Sep 21, 2021","36,086.05","35,609.10","36,127.80","35,332.85",19.56M,1.94%
"Sep 20, 2021","35,400.05","35,462.40","36,130.55","35,346.20",22.52M,-0.69%
"Sep 17, 2021","35,646.50","35,915.40","36,131.25","35,527.00",30.26M,-0.57%
"Sep 16, 2021","35,852.45","36,151.35","36,310.75","35,694.85",19.54M,-0.62%
"Sep 15, 2021","36,075.20","35,462.35","36,200.00","35,375.35",23.14M,1.82%
"Sep 14, 2021","35,431.50","35,224.25","35,476.90","35,020.70",20.16M,0.86%
"Sep 13, 2021","35,129.60","34,688.30","35,242.50","34,573.70",21.06M,0.94%
"Sep 09, 2021","34,802.30","34,676.20","34,862.85","34,530.00",18.04M,0.36%
"Sep 08, 2021","34,678.20","34,973.90","34,979.30","34,515.45",22.67M,-0.78%
"Sep 07, 2021","34,951.30","35,549.30","35,581.55","34,906.85",19.44M,-1.31%
"Sep 06, 2021","35,415.10","34,992.05","35,464.40","34,855.95",27.58M,1.50%
"Sep 03, 2021","34,891.20","34,744.45","34,997.70","34,490.65",20.85M,0.61%
"Sep 02, 2021","34,680.30","34,218.25","34,846.90","34,051.90",27.51M,1.67%
"Sep 01, 2021","34,110.50","34,698.75","34,780.00","34,037.15",22.27M,-1.33%
"Aug 31, 2021","34,570.25","34,205.80","34,680.65","34,043.60",39.99M,1.35%
"Aug 30, 2021","34,109.25","34,338.75","34,480.15","34,027.50",21.15M,-0.58%
"Aug 27, 2021","34,309.80","34,036.45","34,392.85","33,799.05",26.17M,0.79%
"Aug 26, 2021","34,041.10","34,092.90","34,375.95","33,929.70",21.02M,-0.13%
"Aug 25, 2021","34,083.95","33,887.75","34,399.85","33,764.10",25.30M,0.73%
"Aug 24, 2021","33,838.40","34,145.25","34,262.60","33,634.75",28.62M,-0.24%
"Aug 23, 2021","33,919.80","33,582.15","34,153.40","33,567.35",36.62M,1.70%
"Aug 20, 2021","33,351.35","32,954.20","33,652.40","32,949.90",28.47M,-0.29%
"Aug 18, 2021","33,448.90","33,482.85","33,840.45","33,268.60",29.40M,0.10%
"Aug 17, 2021","33,414.75","32,614.00","33,487.10","32,449.65",42.30B,2.57%
"Aug 16, 2021","32,577.95","32,671.75","32,905.35","32,438.25",17.95B,-0.31%
"Aug 13, 2021","32,678.80","32,308.85","32,821.90","32,264.15",32.23B,1.35%
"Aug 12, 2021","32,245.10","31,667.35","32,289.85","31,667.35",29.07B,1.82%
"Aug 11, 2021","31,670.00","31,767.90","31,799.75","31,522.40",21.18B,-0.14%
"Aug 10, 2021","31,713.40","31,489.95","31,812.75","31,431.15",29.86M,0.87%
"Aug 09, 2021","31,441.00","31,523.50","31,685.40","31,324.75",25.41M,0.44%
"Aug 06, 2021","31,303.30","31,251.20","31,460.30","31,057.60",28.20M,0.30%
"Aug 05, 2021","31,211.20","31,025.15","31,560.20","30,980.90",36.24M,0.76%
"Aug 04, 2021","30,977.15","31,296.80","31,338.80","30,895.45",28.17M,-0.61%
"Aug 03, 2021","31,165.85","30,974.75","31,196.45","30,872.35",22.71M,1.18%
"Aug 02, 2021","30,803.05","30,681.95","30,832.30","30,547.00",18.89M,1.06%
"Jul 30, 2021","30,480.05","30,546.85","30,818.55","30,438.35",45.66M,0.36%
"Jul 29, 2021","30,371.40","30,037.20","30,406.00","30,037.10",25.99M,1.39%
"Jul 28, 2021","29,954.15","29,934.05","29,993.55","29,510.35",18.94M,0.21%
"Jul 27, 2021","29,892.55","29,967.90","30,048.35","29,698.95",16.53M,-0.16%
"Jul 26, 2021","29,940.40","29,886.20","30,139.20","29,859.60",17.93M,0.15%
"Jul 23, 2021","29,894.30","29,895.60","30,059.70","29,848.05",35.82M,0.38%
"Jul 22, 2021","29,779.95","29,335.70","29,808.45","29,335.70",38.60M,1.80%
"Jul 20, 2021","29,252.50","29,282.80","29,410.50","28,992.00",31.86M,-0.04%
"Jul 19, 2021","29,264.00","29,248.30","29,592.35","29,167.35",27.13M,-0.46%
"Jul 16, 2021","29,400.25","29,734.75","29,734.75","29,287.25",57.91M,-1.07%
"Jul 15, 2021","29,718.05","29,303.35","29,835.90","29,284.80",68.35M,1.29%
"Jul 14, 2021","29,339.85","28,581.25","29,376.90","28,534.85",57.04M,3.16%
"Jul 13, 2021","28,439.75","28,674.70","28,681.20","28,381.90",17.11M,-0.32%
"Jul 12, 2021","28,532.35","28,837.05","28,854.55","28,421.55",16.94M,-0.45%
"Jul 09, 2021","28,662.20","28,669.20","28,898.85","28,549.25",24.07M,-0.30%
"Jul 08, 2021","28,749.00","28,821.75","28,934.45","28,541.95",17.21M,0.05%
"Jul 07, 2021","28,734.65","28,708.60","28,790.30","28,381.30",21.08M,0.30%
"Jul 06, 2021","28,649.40","28,924.00","28,986.10","28,607.60",18.25M,-1.04%
"Jul 05, 2021","28,950.60","29,117.45","29,185.60","28,907.75",16.47M,-0.20%
"Jul 02, 2021","29,007.95","28,983.50","29,028.35","28,704.00",16.42M,0.02%
"Jul 01, 2021","29,003.10","29,193.05","29,193.05","28,953.05",15.93M,-0.57%
"Jun 30, 2021","29,168.00","29,057.15","29,311.55","29,036.95",18.72M,0.63%
"Jun 29, 2021","28,986.25","29,049.65","29,183.85","28,934.15",21.71M,-0.28%
"Jun 28, 2021","29,068.55","29,259.60","29,259.60","28,977.75",14.67M,-0.49%
"Jun 25, 2021","29,210.55","29,176.75","29,284.00","28,874.60",27.88M,0.56%
"Jun 24, 2021","29,048.00","28,395.45","29,098.95","28,357.30",34.52M,2.79%
"Jun 23, 2021","28,258.50","28,719.65","28,719.65","28,229.35",25.75M,-0.93%
"Jun 22, 2021","28,523.55","28,514.15","28,656.40","28,396.50",20.05M,0.55%
"Jun 21, 2021","28,367.00","28,224.10","28,393.05","28,083.75",15.83M,-0.28%
"Jun 18, 2021","28,445.60","28,829.50","28,934.05","28,227.55",39.69M,-0.58%
"Jun 17, 2021","28,611.35","28,355.15","28,714.60","28,343.05",23.17M,0.57%
"Jun 16, 2021","28,448.85","28,384.15","28,600.20","28,241.25",22.22M,0.25%
"Jun 15, 2021","28,377.85","28,384.70","28,544.60","28,325.90",18.48M,0.23%
"Jun 14, 2021","28,314.10","28,371.90","28,467.35","28,134.65",21.90M,0.34%
"Jun 11, 2021","28,217.50","27,866.25","28,347.50","27,820.50",29.21M,1.51%
"Jun 10, 2021","27,798.00","27,676.50","27,822.10","27,649.95",20.38M,0.94%
"Jun 09, 2021","27,539.00","27,691.30","27,793.80","27,436.35",23.64M,-0.31%
"Jun 08, 2021","27,623.80","27,400.80","27,732.35","27,376.95",29.94M,1.20%
"Jun 07, 2021","27,295.65","27,078.40","27,330.40","26,997.80",18.63M,1.11%
"Jun 04, 2021","26,996.75","27,031.60","27,167.50","26,914.60",18.40M,0.03%
"Jun 03, 2021","26,987.90","27,088.45","27,159.95","26,855.20",19.80M,0.18%
"Jun 02, 2021","26,939.65","27,051.40","27,118.70","26,737.15",27.38M,-0.75%
"Jun 01, 2021","27,144.40","27,216.75","27,254.15","26,953.50",17.95M,0.11%
"May 31, 2021","27,115.05","27,144.10","27,203.90","26,886.80",19.99M,-0.03%
"May 28, 2021","27,122.80","27,238.10","27,278.70","27,041.90",21.82M,-0.15%
"May 27, 2021","27,164.80","26,921.80","27,350.25","26,916.85",74.57M,1.14%
"May 26, 2021","26,857.35","26,450.70","26,905.75","26,380.50",28.98M,1.76%
"May 25, 2021","26,393.90","26,275.45","26,550.55","26,241.15",24.72M,0.96%
"May 24, 2021","26,144.20","26,150.60","26,298.55","26,095.40",21.91M,0.15%
"May 21, 2021","26,105.30","26,012.85","26,154.00","25,936.60",21.24M,0.81%
"May 20, 2021","25,894.50","26,075.40","26,118.25","25,821.55",22.57M,-0.34%
"May 19, 2021","25,982.80","25,949.55","26,262.70","25,869.65",26.20M,0.09%
"May 18, 2021","25,958.25","25,898.90","26,094.10","25,840.55",29.40M,0.99%
"May 17, 2021","25,703.55","25,650.45","25,770.50","25,499.45",26.88M,0.45%
"May 14, 2021","25,588.20","25,896.20","25,901.20","25,461.95",23.54M,-1.03%
"May 12, 2021","25,855.45","26,105.20","26,105.20","25,728.45",25.19M,-0.96%
"May 11, 2021","26,106.70","26,098.90","26,146.50","25,968.10",26.48M,-0.63%
"May 10, 2021","26,273.45","26,340.60","26,390.80","26,106.35",32.57M,0.02%
"May 07, 2021","26,269.45","26,378.80","26,454.10","26,180.25",32.98M,0.04%
"May 06, 2021","26,258.70","25,868.25","26,387.65","25,639.60",53.72M,1.83%
"May 05, 2021","25,786.95","25,670.55","25,857.65","25,564.60",25.70M,1.17%
"May 04, 2021","25,489.00","25,783.20","25,801.25","25,398.95",27.17M,-0.73%
"May 03, 2021","25,676.05","25,544.85","25,785.60","25,427.90",26.58M,0.05%
"Apr 30, 2021","25,664.45","25,777.75","26,154.30","25,593.90",56.71M,-0.81%
"Apr 29, 2021","25,874.30","26,162.20","26,162.20","25,827.15",28.28M,-0.34%
"Apr 28, 2021","25,962.10","25,952.65","25,992.50","25,781.15",29.04M,0.57%
"Apr 27, 2021","25,815.75","25,737.20","25,871.45","25,686.95",31.18M,0.53%
"Apr 26, 2021","25,680.30","25,633.10","25,887.10","25,521.20",46.76M,0.28%
"Apr 23, 2021","25,609.10","25,746.45","25,926.05","25,531.95",35.65M,-0.84%
"Apr 22, 2021","25,826.70","25,902.60","26,055.00","25,718.60",64.58M,-0.20%
"Apr 20, 2021","25,877.60","26,495.60","26,496.50","25,736.45",46.64M,-1.37%
"Apr 19, 2021","26,236.90","26,012.40","26,524.65","25,875.90",74.90M,-0.33%
"Apr 16, 2021","26,324.90","26,183.45","26,476.65","26,131.20",134.89M,1.21%
"Apr 15, 2021","26,010.85","25,577.00","26,084.15","25,293.30",74.68M,0.62%
"Apr 13, 2021","25,851.30","26,737.70","26,759.20","25,513.40",62.96M,-3.28%
"Apr 12, 2021","26,727.80","27,504.40","27,524.60","26,545.65",57.48M,-2.34%
"Apr 09, 2021","27,367.05","27,322.05","27,520.10","27,109.95",33.51M,0.81%
"Apr 08, 2021","27,148.40","26,899.50","27,413.55","26,845.85",37.60M,1.18%
"Apr 07, 2021","26,831.00","26,514.95","26,899.20","26,401.70",33.73M,1.13%
"Apr 06, 2021","26,532.20","26,715.20","26,715.20","26,403.45",25.53M,0.15%
"Apr 05, 2021","26,491.40","26,035.50","26,630.80","25,978.95",54.64M,1.97%
"Apr 01, 2021","25,980.40","26,039.85","26,289.10","25,855.35",29.74M,0.49%
"Mar 31, 2021","25,855.00","26,130.60","26,130.60","25,788.00",32.09M,-1.02%
"Mar 30, 2021","26,121.10","25,531.10","26,306.65","25,429.20",44.19M,2.90%
"Mar 26, 2021","25,385.10","25,475.30","25,687.05","25,276.60",26.61M,0.59%
"Mar 25, 2021","25,237.10","25,739.80","25,766.00","25,131.40",36.11M,-2.19%
"Mar 24, 2021","25,802.95","25,863.55","26,114.60","25,738.15",22.47M,-1.16%
"Mar 23, 2021","26,105.70","26,105.70","26,315.80","25,928.00",33.12M,0.27%
"Mar 22, 2021","26,035.35","25,649.05","26,102.80","25,418.45",25.13M,1.85%
"Mar 19, 2021","25,562.75","25,273.35","25,687.40","25,028.30",54.72M,0.75%
"Mar 18, 2021","25,373.35","26,365.90","26,395.95","25,012.50",40.40M,-3.09%
"Mar 17, 2021","26,183.50","26,378.20","26,657.10","26,113.75",38.02M,-0.68%
"Mar 16, 2021","26,363.85","26,132.45","26,602.65","26,111.10",44.09M,1.27%
"Mar 15, 2021","26,032.05","25,859.15","26,094.15","25,651.80",31.48M,0.56%
"Mar 12, 2021","25,888.25","26,060.45","26,298.00","25,819.90",35.86M,-0.47%
"Mar 10, 2021","26,010.10","25,862.05","26,136.55","25,782.30",47.97M,1.67%
"Mar 09, 2021","25,582.35","25,388.80","25,685.80","25,095.35",30.48M,0.92%
"Mar 08, 2021","25,347.95","25,368.20","25,549.30","25,259.60",29.24M,0.47%
"Mar 05, 2021","25,229.60","25,504.70","25,697.75","25,113.45",63.97M,-1.57%
"Mar 04, 2021","25,631.85","25,471.70","25,981.35","25,450.45",42.36M,-0.55%
"Mar 03, 2021","25,772.65","25,582.60","25,814.90","25,331.40",32.59M,1.86%
"Mar 02, 2021","25,301.85","24,809.70","25,435.40","24,770.35",42.23M,3.04%
"Mar 01, 2021","24,556.30","24,494.65","24,846.10","24,451.45",25.64M,1.05%
"Feb 26, 2021","24,301.45","24,611.20","24,689.00","24,212.80",49.17M,-2.30%
"Feb 25, 2021","24,872.45","24,979.00","25,199.80","24,830.70",34.54M,0.38%
"Feb 24, 2021","24,779.40","24,814.55","24,872.35","24,518.70",19.72M,-0.11%
"Feb 23, 2021","24,807.80","24,933.70","25,199.60","24,709.15",32.33M,0.17%
"Feb 22, 2021","24,766.45","25,579.75","25,617.35","24,646.45",36.36M,-2.89%
"Feb 19, 2021","25,503.20","25,634.95","25,676.00","25,292.65",29.21M,-0.45%
"Feb 18, 2021","25,618.55","25,270.95","25,686.85","25,262.65",34.28M,1.33%
"Feb 17, 2021","25,282.95","25,610.40","25,672.25","25,234.70",24.27M,-1.29%
"Feb 16, 2021","25,613.95","26,130.40","26,167.85","25,519.95",32.99M,-1.49%
"Feb 15, 2021","26,001.10","26,243.10","26,279.30","25,959.10",23.62M,-0.36%
"Feb 12, 2021","26,093.80","26,111.80","26,455.05","26,012.25",43.82M,0.19%
"Feb 11, 2021","26,043.45","25,860.85","26,080.15","25,795.85",23.50M,0.61%
"Feb 10, 2021","25,885.30","25,779.90","25,941.05","25,570.20",28.44M,0.41%
"Feb 09, 2021","25,779.15","25,933.80","26,301.20","25,659.90",52.46M,-0.53%
"Feb 08, 2021","25,915.60","25,588.50","26,028.00","25,415.95",34.88M,2.31%
"Feb 05, 2021","25,331.60","25,689.70","25,733.50","25,188.40",26.42M,-0.93%
"Feb 04, 2021","25,570.05","25,749.70","25,862.50","25,505.25",24.59M,-0.43%
"Feb 03, 2021","25,680.90","25,590.05","25,949.70","25,341.40",35.53M,0.92%
"Feb 02, 2021","25,447.80","25,277.45","25,574.75","25,107.20",38.52M,2.11%
"Feb 01, 2021","24,922.70","24,709.25","25,139.15","24,308.90",45.60M,1.12%
"Jan 29, 2021","24,645.75","25,516.80","25,539.85","24,559.65",49.10M,-2.59%
"Jan 28, 2021","25,301.25","25,639.90","25,807.65","25,239.70",36.64M,-2.18%
"Jan 27, 2021","25,865.30","26,073.10","26,236.55","25,628.70",58.66M,-0.61%
"Jan 25, 2021","26,023.30","26,607.65","26,685.80","25,911.80",29.15M,-1.76%
"Jan 22, 2021","26,489.75","26,316.55","26,667.55","26,292.80",36.90M,0.15%
"Jan 21, 2021","26,450.15","26,808.50","26,872.95","26,321.80",41.37M,-0.64%
"Jan 20, 2021","26,619.70","26,147.20","26,758.10","26,142.95",54.12M,2.21%
"Jan 19, 2021","26,043.50","26,080.10","26,254.05","25,987.30",41.62M,0.49%
"Jan 18, 2021","25,916.25","26,395.60","26,423.60","25,830.40",54.39M,-1.69%
"Jan 15, 2021","26,362.80","26,939.70","27,037.65","26,301.40",76.56M,-2.24%
"Jan 14, 2021","26,965.55","26,804.65","27,176.50","26,245.10",128.93M,-0.14%
"Jan 13, 2021","27,004.30","27,077.70","27,103.90","26,737.40",60.86M,0.08%
"Jan 12, 2021","26,982.10","27,008.00","27,127.25","26,805.00",47.67M,-0.17%
"Jan 11, 2021","27,027.75","26,703.20","27,095.75","26,528.00",100.77M,3.31%
"Jan 08, 2021","26,162.40","25,558.30","26,227.50","25,523.75",81.07M,3.61%
"Jan 07, 2021","25,251.20","25,692.05","25,702.30","25,131.90",38.38M,-0.66%
"Jan 06, 2021","25,419.15","25,841.30","26,036.70","25,240.50",51.06M,-1.36%
"Jan 05, 2021","25,769.15","25,057.65","25,824.15","25,029.85",55.88M,2.62%
"Jan 04, 2021","25,110.05","24,612.05","25,158.85","24,508.95",33.79M,2.67%
"Jan 01, 2021","24,456.10","24,300.20","24,500.70","24,288.95",17.78M,0.84%
"Dec 31, 2020","24,251.35","24,255.95","24,295.20","24,137.80",26.26M,-0.32%
"Dec 30, 2020","24,330.05","24,312.50","24,394.75","24,176.25",29.98M,0.23%
"Dec 29, 2020","24,274.05","24,093.05","24,424.20","24,090.30",33.91M,0.72%
"Dec 28, 2020","24,100.30","24,065.40","24,192.05","24,037.80",19.57M,0.38%
"Dec 24, 2020","24,009.25","24,163.20","24,163.20","23,828.05",31.51M,-0.66%
"Dec 23, 2020","24,167.75","23,787.80","24,228.80","23,758.40",87.28M,2.36%
"Dec 22, 2020","23,611.60","22,921.85","23,680.90","22,745.25",43.27M,3.36%
"Dec 21, 2020","22,844.60","23,233.50","23,506.70","22,458.15",40.60M,-1.77%
"Dec 18, 2020","23,256.60","23,173.15","23,416.50","23,148.50",61.32M,1.59%
"Dec 17, 2020","22,892.25","22,913.15","22,960.50","22,835.40",23.03M,-0.06%
"Dec 16, 2020","22,906.25","22,830.40","22,933.80","22,701.55",26.64M,0.84%
"Dec 15, 2020","22,715.10","22,656.35","22,779.70","22,608.35",29.85M,-0.14%
"Dec 14, 2020","22,746.70","22,786.00","22,792.45","22,487.30",30.55M,0.36%
"Dec 11, 2020","22,664.00","22,754.50","22,901.75","22,541.10",28.15M,-0.40%
"Dec 10, 2020","22,755.75","22,693.95","22,809.55","22,606.60",28.05M,-0.21%
"Dec 09, 2020","22,803.45","22,799.95","22,895.50","22,720.50",44.63M,0.82%
"Dec 08, 2020","22,617.40","22,484.35","22,737.95","22,387.35",44.05M,0.79%
"Dec 07, 2020","22,440.90","22,333.30","22,482.90","22,271.00",29.58M,0.59%
"Dec 04, 2020","22,309.80","22,222.25","22,347.85","22,130.30",32.35M,0.48%
"Dec 03, 2020","22,202.20","22,458.75","22,458.80","22,147.30",48.11M,-0.52%
"Dec 02, 2020","22,319.00","22,149.35","22,371.55","21,961.45",33.72M,0.67%
"Dec 01, 2020","22,170.90","21,921.10","22,216.45","21,814.40",39.82M,1.87%
"Nov 27, 2020","21,764.90","21,879.15","21,972.95","21,701.30",81.46M,-0.43%
"Nov 26, 2020","21,859.90","21,717.40","21,919.15","21,544.05",36.60M,0.71%
"Nov 25, 2020","21,705.90","22,087.90","22,132.90","21,675.90",31.67M,-1.62%
"Nov 24, 2020","22,064.30","22,099.60","22,281.85","22,016.95",42.11M,0.26%
"Nov 23, 2020","22,007.05","21,551.85","22,047.05","21,432.65",41.57M,2.79%
"Nov 20, 2020","21,409.25","21,275.35","21,500.65","21,121.75",34.64M,1.40%
"Nov 19, 2020","21,114.45","21,285.75","21,451.80","21,070.25",40.37M,-0.94%
"Nov 18, 2020","21,314.85","21,519.15","21,557.10","21,153.85",31.27M,-0.81%
"Nov 17, 2020","21,488.55","21,704.05","21,706.20","21,361.45",34.79M,0.24%
"Nov 13, 2020","21,436.85","21,305.35","21,462.00","21,219.80",22.91M,0.34%
"Nov 12, 2020","21,363.35","21,380.20","21,610.05","21,291.70",27.53M,0.15%
"Nov 11, 2020","21,330.50","21,029.25","21,365.65","20,967.80",42.10M,1.68%
"Nov 10, 2020","20,978.50","21,633.10","21,633.10","20,862.70",50.75M,-3.86%
"Nov 09, 2020","21,820.15","21,751.65","21,926.90","21,620.55",35.83M,1.53%
"Nov 06, 2020","21,492.30","21,435.15","21,582.20","21,251.55",30.20M,0.50%
"Nov 05, 2020","21,385.65","21,383.70","21,596.00","21,284.60",33.00M,1.33%
"Nov 04, 2020","21,104.55","20,769.90","21,468.45","20,765.80",54.32M,1.78%
"Nov 03, 2020","20,736.00","20,792.25","21,017.95","20,679.65",28.72M,0.02%
"Nov 02, 2020","20,732.30","20,964.15","21,012.45","20,669.35",26.96M,-0.88%
"Oct 30, 2020","20,916.85","20,912.95","21,197.30","20,797.50",42.68M,0.19%
"Oct 29, 2020","20,876.95","20,667.70","20,961.05","20,548.30",33.44M,0.32%
"Oct 28, 2020","20,810.30","21,121.90","21,194.75","20,701.00",36.57M,-1.01%
"Oct 27, 2020","21,023.40","21,287.10","21,371.60","20,932.70",39.07M,-1.14%
"Oct 26, 2020","21,265.70","21,493.30","21,595.80","21,148.65",43.36M,-1.20%
"Oct 23, 2020","21,523.60","21,546.65","21,621.60","21,385.15",39.00M,0.51%
"Oct 22, 2020","21,413.50","21,480.70","21,767.05","21,290.45",44.44M,-0.76%
"Oct 21, 2020","21,577.65","21,757.05","21,892.30","21,406.10",55.94M,-0.54%
"Oct 20, 2020","21,694.35","21,397.50","21,779.80","21,346.05",64.74M,1.41%
"Oct 19, 2020","21,391.90","21,683.80","21,683.80","21,354.90",55.46M,-0.68%
"Oct 16, 2020","21,538.15","21,638.25","21,908.80","21,247.55",98.06M,-0.14%
"Oct 15, 2020","21,567.30","22,473.65","22,570.50","21,364.15",119.88M,-2.87%
"Oct 14, 2020","22,204.05","22,475.85","22,490.30","22,129.95",123.24M,-1.28%
"Oct 13, 2020","22,492.60","22,230.20","22,619.00","22,186.05",90.62M,1.31%
"Oct 12, 2020","22,202.10","21,990.85","22,320.00","21,845.05",90.15M,1.67%
"Oct 09, 2020","21,837.65","21,703.45","21,922.75","21,540.65",89.10M,0.65%
"Oct 08, 2020","21,697.25","21,531.85","22,169.30","21,501.95",195.72M,3.23%
"Oct 07, 2020","21,017.40","20,897.55","21,121.60","20,771.65",49.33M,0.58%
"Oct 06, 2020","20,896.75","20,995.30","20,995.30","20,573.90",61.59M,0.42%
"Oct 05, 2020","20,809.00","20,375.90","20,940.90","20,341.45",93.78M,3.47%
"Oct 01, 2020","20,110.40","20,129.80","20,196.05","20,009.30",33.45M,0.80%
"Sep 30, 2020","19,951.35","19,880.60","20,048.55","19,741.65",41.30M,0.60%
"Sep 29, 2020","19,831.80","19,891.05","20,146.35","19,782.35",53.17M,0.25%
"Sep 28, 2020","19,783.05","19,774.75","19,836.95","19,463.65",43.00M,0.78%
"Sep 25, 2020","19,629.35","19,108.75","19,678.50","19,077.85",73.90M,3.46%
"Sep 24, 2020","18,973.05","19,630.30","19,658.00","18,914.70",60.44M,-4.20%
"Sep 23, 2020","19,805.65","20,016.80","20,226.30","19,615.15",72.28M,-0.30%
"Sep 22, 2020","19,866.10","19,813.35","20,113.40","19,376.70",78.06M,0.69%
"Sep 21, 2020","19,729.00","19,855.55","20,331.60","19,683.85",81.63M,-0.49%
"Sep 18, 2020","19,827.10","19,889.95","20,067.70","19,777.75",53.71M,0.05%
"Sep 17, 2020","19,817.70","19,660.45","20,014.65","19,605.05",79.57M,0.24%
"Sep 16, 2020","19,770.35","19,642.30","19,802.40","19,533.70",42.63M,0.73%
"Sep 15, 2020","19,627.30","19,511.50","19,823.00","19,392.35",71.51M,0.63%
"Sep 14, 2020","19,505.10","18,804.85","19,592.30","18,799.55",116.48M,4.68%
"Sep 11, 2020","18,633.25","18,347.65","18,740.85","18,338.10",69.09M,1.29%
"Sep 10, 2020","18,395.85","18,385.95","18,416.75","18,217.10",25.92M,0.74%
"Sep 09, 2020","18,261.50","18,264.20","18,439.55","18,193.45",42.01M,-0.73%
"Sep 08, 2020","18,395.75","18,304.25","18,671.75","18,213.55",63.09M,1.20%
"Sep 07, 2020","18,176.80","18,093.05","18,208.95","17,962.35",28.44M,0.57%
"Sep 04, 2020","18,073.95","18,049.20","18,259.80","18,012.80",32.77M,-1.50%
"Sep 03, 2020","18,348.55","18,148.25","18,497.95","18,108.00",52.66M,1.50%
"Sep 02, 2020","18,077.00","17,860.65","18,114.85","17,858.30",25.98M,1.48%
"Sep 01, 2020","17,814.05","17,954.60","18,154.40","17,775.65",34.71M,-0.64%
"Aug 31, 2020","17,928.85","18,163.25","18,426.40","17,791.85",56.33M,-1.07%
"Aug 28, 2020","18,122.00","18,216.30","18,253.60","18,093.45",30.03M,0.11%
"Aug 27, 2020","18,102.65","18,231.95","18,305.55","18,075.75",24.76M,-0.14%
"Aug 26, 2020","18,128.00","18,022.70","18,156.15","17,940.70",26.81M,0.86%
"Aug 25, 2020","17,973.70","18,028.80","18,047.50","17,914.50",25.26M,-0.21%
"Aug 24, 2020","18,010.95","18,092.55","18,112.90","17,915.60",21.94M,-0.30%
"Aug 21, 2020","18,065.30","18,266.90","18,282.55","18,047.95",27.40M,-0.34%
"Aug 20, 2020","18,126.10","18,181.40","18,252.30","18,083.25",28.97M,-0.47%
"Aug 19, 2020","18,210.85","18,340.00","18,354.80","18,187.55",32.00M,-0.33%
"Aug 18, 2020","18,270.35","18,318.60","18,375.15","18,209.55",31.63M,0.26%
"Aug 17, 2020","18,223.60","18,136.65","18,306.95","18,103.30",39.29M,1.11%
"Aug 14, 2020","18,022.65","18,137.30","18,230.10","17,994.65",25.68M,-0.47%
"Aug 13, 2020","18,107.20","18,141.35","18,344.05","18,032.90",35.34M,0.23%
"Aug 12, 2020","18,066.00","18,077.15","18,109.80","17,900.00",38.94M,0.05%
"Aug 11, 2020","18,057.10","18,202.50","18,331.65","18,036.50",30.79M,-0.56%
"Aug 10, 2020","18,159.55","18,090.25","18,205.25","18,016.80",26.00M,0.86%
"Aug 07, 2020","18,004.15","18,182.30","18,182.30","17,977.70",32.15M,-1.01%
"Aug 06, 2020","18,188.75","18,009.70","18,222.80","17,943.85",43.93M,1.78%
"Aug 05, 2020","17,869.80","17,889.55","18,139.25","17,818.15",35.46M,0.35%
"Aug 04, 2020","17,808.00","18,029.40","18,092.00","17,716.40",36.32M,-0.88%
"Aug 03, 2020","17,965.80","18,099.40","18,140.85","17,840.30",33.15M,-0.59%
"Jul 31, 2020","18,071.85","18,166.30","18,353.50","17,909.30",47.15M,0.38%
"Jul 30, 2020","18,003.55","17,995.25","18,252.70","17,967.20",63.66M,0.69%
"Jul 29, 2020","17,880.50","17,959.80","18,108.70","17,783.30",45.74M,-0.90%
"Jul 28, 2020","18,042.75","17,647.90","18,103.65","17,634.40",74.55M,2.36%
"Jul 27, 2020","17,626.75","17,323.00","17,735.65","17,290.55",65.30M,1.97%
"Jul 24, 2020","17,286.00","16,944.55","17,322.70","16,944.55",75.74M,1.41%
"Jul 23, 2020","17,045.20","17,071.80","17,082.55","16,949.15",35.75M,-0.18%
"Jul 22, 2020","17,076.05","17,317.30","17,321.70","16,978.40",38.31M,-1.14%
"Jul 21, 2020","17,273.20","17,453.35","17,514.05","17,219.70",63.70M,0.09%
"Jul 20, 2020","17,258.30","16,880.35","17,376.15","16,849.15",61.17M,2.60%
"Jul 17, 2020","16,821.35","16,936.95","16,975.20","16,693.35",88.19M,-0.62%
"Jul 16, 2020","16,926.05","16,971.25","17,491.15","16,715.75",190.53M,2.83%
"Jul 15, 2020","16,459.85","15,853.80","16,624.65","15,830.50",193.79M,5.24%
"Jul 14, 2020","15,640.55","15,779.50","15,941.65","15,611.85",42.04M,-1.13%
"Jul 13, 2020","15,819.20","15,643.10","15,885.55","15,624.80",44.76M,1.63%
"Jul 10, 2020","15,565.20","15,471.70","15,656.05","15,417.50",27.60M,0.19%
"Jul 09, 2020","15,535.95","15,572.35","15,663.45","15,468.40",26.62M,0.14%
"Jul 08, 2020","15,513.65","15,765.00","15,765.05","15,473.50",28.42M,-1.72%
"Jul 07, 2020","15,784.95","15,528.05","15,806.85","15,440.10",51.58M,2.07%
"Jul 06, 2020","15,464.95","15,351.70","15,580.50","15,351.70",31.95M,1.17%
"Jul 03, 2020","15,285.90","15,164.25","15,336.85","15,148.50",27.21M,1.08%
"Jul 02, 2020","15,122.55","14,803.50","15,195.20","14,782.45",41.17M,2.65%
"Jul 01, 2020","14,732.15","14,767.35","14,842.85","14,704.50",19.83M,-0.15%
"Jun 30, 2020","14,754.30","14,812.70","14,854.40","14,692.45",25.88M,-0.09%
"Jun 29, 2020","14,768.00","14,874.20","14,979.20","14,737.45",28.12M,-1.51%
"Jun 26, 2020","14,994.65","14,496.70","15,086.00","14,476.45",77.77M,4.05%
"Jun 25, 2020","14,411.20","14,486.40","14,590.50","14,383.60",36.33M,-1.17%
"Jun 24, 2020","14,581.45","14,675.70","14,761.20","14,547.20",36.30M,-0.67%
"Jun 23, 2020","14,680.40","14,398.45","14,725.40","14,320.70",45.66M,1.50%
"Jun 22, 2020","14,463.70","14,537.80","14,550.35","14,432.45",27.93M,-0.25%
"Jun 19, 2020","14,499.80","14,532.70","14,625.80","14,422.45",58.73M,-0.35%
"Jun 18, 2020","14,551.25","14,478.65","14,623.95","14,443.00",23.44M,0.50%
"Jun 17, 2020","14,478.45","14,418.80","14,559.55","14,382.95",36.46M,0.19%
"Jun 16, 2020","14,450.80","14,634.00","14,667.40","14,375.50",32.45M,0.38%
"Jun 15, 2020","14,396.70","14,444.25","14,571.95","14,238.05",35.51M,-0.04%
"Jun 12, 2020","14,402.75","14,125.80","14,442.65","14,123.55",35.51M,-1.48%
"Jun 11, 2020","14,619.45","14,823.95","14,840.65","14,585.45",34.68M,-1.50%
"Jun 10, 2020","14,842.05","14,774.80","14,882.60","14,690.90",39.35M,0.71%
"Jun 09, 2020","14,737.85","14,869.40","14,983.20","14,712.30",39.02M,-1.05%
"Jun 08, 2020","14,894.60","14,824.75","14,990.25","14,713.45",48.67M,1.83%
"Jun 05, 2020","14,627.45","14,715.90","14,732.85","14,599.75",38.69M,0.00%
"Jun 04, 2020","14,627.45","14,380.85","14,695.10","14,380.85",44.63M,1.85%
"Jun 03, 2020","14,361.70","14,507.25","14,549.00","14,317.20",40.00M,-0.42%
"Jun 02, 2020","14,422.40","14,358.00","14,492.30","14,269.70",34.08M,0.81%
"Jun 01, 2020","14,307.10","14,155.65","14,431.35","14,140.85",45.07M,2.12%
"May 29, 2020","14,010.50","13,893.40","14,080.55","13,762.95",86.62M,-0.13%
"May 28, 2020","14,028.60","13,964.90","14,068.30","13,759.15",41.07M,0.54%
"May 27, 2020","13,952.90","13,667.15","14,017.05","13,488.10",40.53M,2.78%
"May 26, 2020","13,574.95","13,860.85","13,930.85","13,522.95",28.74M,-1.93%
"May 22, 2020","13,842.65","13,622.25","13,902.80","13,571.65",37.85M,1.43%
"May 21, 2020","13,647.90","13,495.40","13,732.00","13,468.50",28.46M,0.97%
"May 20, 2020","13,517.40","13,443.50","13,556.90","13,362.55",27.89M,0.53%
"May 19, 2020","13,446.60","13,272.35","13,524.20","13,197.60",28.26M,0.99%
"May 18, 2020","13,314.40","13,278.25","13,408.80","13,109.95",35.39M,0.89%
"May 15, 2020","13,196.35","13,375.45","13,375.80","13,108.40",30.45M,-0.73%
"May 14, 2020","13,293.75","13,396.05","13,483.70","13,246.80",40.15M,-3.51%
"May 13, 2020","13,776.95","13,960.35","13,960.35","13,612.80",26.69M,0.65%
"May 12, 2020","13,687.75","13,537.15","13,733.50","13,480.75",32.01M,0.69%
"May 11, 2020","13,593.55","13,521.60","13,763.80","13,489.25",29.77M,1.42%
"May 08, 2020","13,403.60","13,509.45","13,530.85","13,324.00",37.69M,0.83%
"May 07, 2020","13,292.70","13,408.00","13,489.55","13,268.40",48.56M,-0.76%
"May 06, 2020","13,394.70","13,437.30","13,580.05","13,262.25",39.76M,0.05%
"May 05, 2020","13,388.05","13,637.80","13,667.85","13,351.45",35.39M,-0.49%
"May 04, 2020","13,454.25","13,646.10","13,700.25","13,424.35",48.66M,-4.64%
"Apr 30, 2020","14,108.40","13,841.60","14,212.10","13,750.25",61.23M,5.09%
"Apr 29, 2020","13,424.95","13,250.60","13,470.80","13,144.80",37.63M,2.22%
"Apr 28, 2020","13,133.65","13,301.95","13,317.20","13,067.75",38.81M,0.10%
"Apr 27, 2020","13,121.15","12,957.35","13,248.95","12,928.05",40.25M,2.38%
"Apr 24, 2020","12,816.20","13,001.90","13,101.40","12,792.90",32.52M,-2.38%
"Apr 23, 2020","13,128.20","12,639.80","13,199.75","12,596.60",39.76M,4.43%
"Apr 22, 2020","12,571.30","12,393.90","12,619.45","12,322.95",27.60M,1.31%
"Apr 21, 2020","12,408.85","12,513.65","12,632.50","12,375.80",37.28M,-3.42%
"Apr 20, 2020","12,847.65","12,812.60","12,937.95","12,742.55",39.18M,1.57%
"Apr 17, 2020","12,649.25","12,878.35","12,992.05","12,596.65",46.52M,1.49%
"Apr 16, 2020","12,463.60","12,430.30","12,605.40","12,205.90",69.39M,-1.88%
"Apr 15, 2020","12,702.60","12,792.45","12,951.40","12,661.00",47.89M,0.79%
"Apr 13, 2020","12,603.10","12,698.85","12,795.70","12,527.15",28.47M,-0.99%
"Apr 09, 2020","12,728.55","12,810.80","12,867.35","12,648.80",36.11M,1.90%
"Apr 08, 2020","12,491.55","12,468.60","12,897.50","12,437.75",40.36M,-0.77%
"Apr 07, 2020","12,588.95","12,147.00","12,647.40","12,132.30",39.43M,7.78%
"Apr 03, 2020","11,680.05","12,129.85","12,146.95","11,621.20",40.63M,-3.04%
"Apr 01, 2020","12,045.85","12,680.50","12,690.60","11,989.60",40.94M,-5.62%
"Mar 31, 2020","12,763.65","12,681.75","12,930.80","12,466.60",38.75M,3.61%
"Mar 30, 2020","12,318.80","12,152.95","12,774.60","12,152.95",40.75M,-1.99%
"Mar 27, 2020","12,569.10","12,778.15","12,949.60","12,403.85",43.32M,0.27%
"Mar 26, 2020","12,535.60","12,496.95","12,751.55","12,306.35",47.13M,2.47%
"Mar 25, 2020","12,233.35","11,856.90","12,514.25","11,657.25",47.60M,3.10%
"Mar 24, 2020","11,865.05","11,159.75","12,053.80","11,159.30",51.32M,6.13%
"Mar 23, 2020","11,179.60","11,328.25","11,602.45","11,108.65",44.67M,-9.58%
"Mar 20, 2020","12,363.45","11,382.40","12,710.55","11,363.50",66.43M,9.03%
"Mar 19, 2020","11,340.00","11,183.95","11,698.30","10,991.25",52.46M,-3.51%
"Mar 18, 2020","11,753.00","12,287.80","12,451.10","11,643.90",45.47M,-2.86%
"Mar 17, 2020","12,099.25","12,517.50","12,677.20","11,999.55",44.09M,-2.83%
"Mar 16, 2020","12,451.35","12,963.70","13,078.65","12,355.15",49.46M,-8.03%
"Mar 13, 2020","13,539.10","12,561.95","13,835.35","11,624.85",47.45M,1.15%
"Mar 12, 2020","13,384.85","14,177.40","14,231.95","13,317.65",42.87M,-8.83%
"Mar 11, 2020","14,681.40","14,524.15","14,823.80","14,356.10",43.27M,-1.17%
"Mar 09, 2020","14,854.90","15,333.55","15,371.00","14,705.40",36.82M,-5.16%
"Mar 06, 2020","15,663.50","15,607.35","15,699.95","15,443.00",26.04M,-1.31%
"Mar 05, 2020","15,871.35","15,912.05","16,150.60","15,841.10",26.94M,0.04%
"Mar 04, 2020","15,864.30","15,824.90","15,919.95","15,612.75",32.08M,0.90%
"Mar 03, 2020","15,723.20","15,615.05","15,793.10","15,495.70",29.63M,1.92%
"Mar 02, 2020","15,427.65","15,355.05","15,722.00","15,298.00",36.52M,1.41%
"Feb 28, 2020","15,212.95","15,726.15","15,788.45","15,156.80",42.94M,-5.65%
"Feb 27, 2020","16,123.80","16,244.95","16,258.65","16,053.70",24.51M,-1.28%
"Feb 26, 2020","16,332.25","16,497.15","16,539.25","16,297.25",26.84M,-1.39%
"Feb 25, 2020","16,562.50","16,490.40","16,642.40","16,443.25",25.32M,0.61%
"Feb 24, 2020","16,461.80","16,642.75","16,749.25","16,416.85",23.42M,-1.13%
"Feb 20, 2020","16,649.40","16,826.30","16,843.65","16,623.90",20.31M,-0.73%
"Feb 19, 2020","16,772.50","16,796.40","16,882.45","16,754.25",16.91M,0.14%
"Feb 18, 2020","16,748.75","16,586.90","16,773.20","16,526.40",20.80M,0.61%
"Feb 17, 2020","16,647.70","16,707.65","16,737.65","16,596.20",13.90M,0.03%
"Feb 14, 2020","16,642.75","16,682.30","16,828.20","16,624.25",19.64M,-0.18%
"Feb 13, 2020","16,673.05","16,578.75","16,696.85","16,513.75",18.88M,0.82%
"Feb 12, 2020","16,538.10","16,462.25","16,599.05","16,419.45",18.61M,0.52%
"Feb 11, 2020","16,452.30","16,482.40","16,512.10","16,409.15",16.99M,0.12%
"Feb 10, 2020","16,431.95","16,481.50","16,522.40","16,306.25",18.05M,-0.23%
"Feb 07, 2020","16,470.15","16,453.00","16,493.25","16,382.40",15.72M,0.60%
"Feb 06, 2020","16,371.15","16,480.75","16,621.35","16,330.65",23.96M,-0.47%
"Feb 05, 2020","16,448.55","16,354.45","16,463.60","16,283.25",21.91M,0.60%
"Feb 04, 2020","16,350.85","16,174.80","16,377.45","16,155.80",25.19M,1.81%
"Feb 03, 2020","16,059.90","16,282.00","16,418.90","16,034.30",28.97M,-1.37%
"Feb 01, 2020","16,282.65","16,157.75","16,315.50","15,971.85",0,0.86%
"Jan 31, 2020","16,144.15","16,333.15","16,365.80","16,098.45",26.27M,-1.13%
"Jan 30, 2020","16,327.90","16,509.00","16,514.10","16,287.75",18.89M,-0.92%
"Jan 29, 2020","16,479.30","16,513.20","16,577.95","16,452.00",22.20M,0.30%
"Jan 28, 2020","16,429.75","16,442.85","16,448.05","16,320.60",19.68M,0.22%
"Jan 27, 2020","16,393.55","16,456.20","16,483.90","16,385.65",13.61M,-0.48%
"Jan 24, 2020","16,472.75","16,410.50","16,498.75","16,356.95",21.18M,-0.01%
"Jan 23, 2020","16,474.40","16,380.60","16,501.20","16,367.75",30.03M,0.86%
"Jan 22, 2020","16,334.55","16,245.95","16,404.60","16,211.80",26.85M,0.99%
"Jan 21, 2020","16,175.20","16,190.80","16,221.50","16,133.60",17.46M,-0.20%
"Jan 20, 2020","16,207.15","16,389.60","16,465.05","16,162.50",27.05M,-0.91%
"Jan 17, 2020","16,356.60","16,396.50","16,447.35","16,310.75",20.02M,-0.15%
"Jan 16, 2020","16,381.65","16,372.15","16,423.85","16,277.25",26.24M,0.21%
"Jan 15, 2020","16,346.85","16,354.20","16,366.75","16,217.10",35.22M,-0.09%
"Jan 14, 2020","16,362.35","16,238.15","16,385.95","16,226.90",34.53M,0.84%
"Jan 13, 2020","16,225.90","16,135.50","16,275.20","16,075.75",61.14M,1.67%
"Jan 10, 2020","15,959.90","16,040.65","16,059.35","15,930.65",20.20M,0.22%
"Jan 09, 2020","15,925.15","15,970.65","16,017.25","15,857.25",27.88M,-0.18%
"Jan 08, 2020","15,953.45","15,840.90","15,974.85","15,816.80",27.44M,0.37%
"Jan 07, 2020","15,895.20","15,893.35","15,988.70","15,799.80",24.23M,0.10%
"Jan 06, 2020","15,879.80","15,934.60","16,067.65","15,831.85",24.00M,-0.36%
"Jan 03, 2020","15,936.60","15,727.60","16,004.45","15,722.65",26.01M,1.44%
"Jan 02, 2020","15,709.65","15,754.90","15,762.10","15,679.65",15.23M,-0.08%
"Jan 01, 2020","15,722.15","15,705.90","15,746.25","15,676.70",9.39M,0.45%
"Dec 31, 2019","15,652.40","15,754.05","15,775.25","15,634.50",19.60M,-0.78%
"Dec 30, 2019","15,775.00","15,801.50","15,868.95","15,715.10",16.25M,-0.04%
"Dec 27, 2019","15,780.70","15,740.40","15,824.15","15,657.50",16.65M,0.47%
"Dec 26, 2019","15,706.45","15,784.45","15,806.85","15,690.95",17.85M,-0.45%
"Dec 24, 2019","15,778.20","15,877.40","15,880.15","15,739.45",16.02M,-0.55%
"Dec 23, 2019","15,865.50","15,811.40","15,936.00","15,809.05",15.89M,0.13%
"Dec 20, 2019","15,844.55","15,811.95","15,890.95","15,781.25",29.98M,0.20%
"Dec 19, 2019","15,812.95","15,741.20","15,835.50","15,654.70",25.10M,0.65%
"Dec 18, 2019","15,710.65","15,680.50","15,835.80","15,649.15",46.72M,0.47%
"Dec 17, 2019","15,637.15","15,417.55","15,670.35","15,387.20",35.68M,1.88%
"Dec 16, 2019","15,348.75","15,263.75","15,446.25","15,223.10",28.62M,0.97%
"Dec 13, 2019","15,200.55","14,987.90","15,221.45","14,965.15",30.12M,1.52%
"Dec 12, 2019","14,972.65","15,151.10","15,184.15","14,890.60",27.12M,-1.04%
"Dec 11, 2019","15,130.30","14,972.00","15,147.35","14,963.65",22.97M,1.23%
"Dec 10, 2019","14,946.55","15,120.05","15,123.35","14,903.25",20.11M,-1.39%
"Dec 09, 2019","15,157.15","15,309.70","15,322.55","15,136.25",18.19M,-0.87%
"Dec 06, 2019","15,289.60","15,383.45","15,390.05","15,269.25",16.94M,-0.51%
"Dec 05, 2019","15,367.50","15,164.15","15,385.45","15,101.80",28.80M,1.27%
"Dec 04, 2019","15,175.15","14,918.50","15,188.55","14,896.60",27.22M,1.71%
"Dec 03, 2019","14,920.75","14,870.90","14,956.45","14,808.40",23.10M,0.46%
"Dec 02, 2019","14,852.00","15,056.85","15,070.65","14,819.40",26.53M,-0.97%
"Nov 29, 2019","14,998.05","15,132.95","15,147.25","14,964.25",13.79M,-0.82%
"Nov 28, 2019","15,121.80","15,069.15","15,136.20","15,042.65",14.65M,0.66%
"Nov 27, 2019","15,022.15","14,957.50","15,049.00","14,946.55",15.02M,0.67%
"Nov 26, 2019","14,922.15","15,174.65","15,212.65","14,867.45",54.96M,-1.18%
"Nov 25, 2019","15,100.60","15,002.20","15,112.90","14,950.95",17.42M,0.70%
"Nov 22, 2019","14,995.90","15,216.55","15,220.05","14,931.35",29.50M,-1.95%
"Nov 21, 2019","15,293.95","15,353.70","15,435.40","15,279.40",21.61M,-0.16%
"Nov 20, 2019","15,318.50","15,349.05","15,349.05","15,235.00",19.89M,0.09%
"Nov 19, 2019","15,304.85","15,318.65","15,371.80","15,256.85",25.60M,0.06%
"Nov 18, 2019","15,295.25","15,326.80","15,373.85","15,251.00",22.07M,-0.10%
"Nov 15, 2019","15,310.65","15,425.05","15,471.15","15,287.10",18.38M,-0.51%
"Nov 14, 2019","15,388.75","15,292.90","15,410.30","15,217.30",25.38M,0.97%
"Nov 13, 2019","15,240.95","15,307.90","15,374.05","15,192.30",28.47M,-0.44%
"Nov 11, 2019","15,308.55","15,343.25","15,354.05","15,228.80",16.84M,-0.49%
"Nov 08, 2019","15,383.30","15,646.40","15,658.15","15,355.70",21.72M,-1.54%
"Nov 07, 2019","15,624.40","15,635.50","15,639.70","15,532.15",24.25M,0.41%
"Nov 06, 2019","15,561.30","15,554.05","15,647.05","15,440.40",40.15M,0.18%
"Nov 05, 2019","15,533.45","15,613.10","15,613.10","15,422.80",25.85M,-0.37%
"Nov 04, 2019","15,591.30","15,474.00","15,803.35","15,428.50",46.74M,0.78%
"Nov 01, 2019","15,471.20","15,575.35","15,636.30","15,411.80",29.76M,-0.57%
"Oct 31, 2019","15,559.40","15,436.30","15,657.75","15,417.00",48.29M,1.06%
"Oct 30, 2019","15,395.65","15,343.70","15,419.65","15,212.75",41.16M,1.41%
"Oct 29, 2019","15,181.40","14,980.15","15,199.90","14,970.50",35.88M,1.90%
"Oct 25, 2019","14,898.85","14,883.40","14,943.75","14,720.85",33.44M,0.79%
"Oct 24, 2019","14,781.50","14,956.65","14,970.35","14,756.55",51.58M,-0.35%
"Oct 23, 2019","14,833.35","14,640.85","14,911.20","14,566.55",77.03M,0.99%
"Oct 22, 2019","14,688.65","15,033.30","15,085.45","14,659.45",112.31M,-4.68%
"Oct 18, 2019","15,410.10","15,271.95","15,434.55","15,241.00",25.04M,0.84%
"Oct 17, 2019","15,281.90","15,257.95","15,313.90","15,160.20",29.87M,-0.41%
"Oct 16, 2019","15,344.95","15,223.50","15,373.35","15,213.20",40.14M,0.90%
"Oct 15, 2019","15,208.40","15,254.40","15,281.45","15,191.05",34.59M,-0.45%
"Oct 14, 2019","15,277.75","15,202.20","15,338.60","15,147.70",28.98M,-0.29%
"Oct 11, 2019","15,321.90","14,871.45","15,388.95","14,865.10",46.78M,1.51%
"Oct 10, 2019","15,093.80","15,124.85","15,235.60","15,034.60",24.09M,-0.23%
"Oct 09, 2019","15,128.75","15,305.10","15,317.15","15,051.35",21.60M,-0.77%
"Oct 07, 2019","15,246.75","15,368.15","15,472.35","15,226.70",16.36M,-0.61%
"Oct 04, 2019","15,340.30","15,328.40","15,418.80","15,285.15",22.05M,0.41%
"Oct 03, 2019","15,277.95","15,318.80","15,417.25","15,228.90",19.67M,-0.15%
"Oct 01, 2019","15,300.25","15,559.65","15,561.50","15,240.95",20.84M,-1.54%
"Sep 30, 2019","15,540.15","15,277.15","15,568.45","15,259.80",24.64M,1.99%
"Sep 27, 2019","15,236.40","15,297.70","15,412.90","15,214.20",19.97M,-0.50%
"Sep 26, 2019","15,312.90","15,374.50","15,456.85","15,208.40",36.57M,-0.44%
"Sep 25, 2019","15,379.90","15,351.85","15,471.00","15,268.90",26.25M,0.27%
"Sep 24, 2019","15,338.65","15,055.05","15,380.35","15,055.05",35.12M,1.98%
"Sep 23, 2019","15,040.65","15,611.80","15,611.80","14,735.55",38.19M,-2.91%
"Sep 20, 2019","15,491.10","15,541.55","15,742.55","15,434.15",47.15M,-0.20%
"Sep 19, 2019","15,522.45","15,667.00","15,675.15","15,469.10",16.33M,-1.15%
"Sep 18, 2019","15,702.30","15,649.05","15,731.05","15,584.10",13.89M,0.49%
"Sep 17, 2019","15,625.65","15,769.85","15,769.85","15,563.60",19.41M,-0.75%
"Sep 16, 2019","15,743.15","15,774.45","15,854.15","15,602.60",18.94M,0.13%
"Sep 13, 2019","15,722.90","15,608.10","15,739.70","15,586.70",16.68M,0.90%
"Sep 12, 2019","15,583.25","15,674.30","15,725.75","15,525.15",20.10M,-0.76%
"Sep 11, 2019","15,701.80","15,901.15","15,955.20","15,669.30",29.76M,-1.37%
"Sep 09, 2019","15,919.40","16,023.95","16,030.45","15,883.60",19.87M,-0.72%
"Sep 06, 2019","16,034.55","16,139.90","16,218.80","15,991.05",33.90M,0.02%
"Sep 05, 2019","16,030.95","16,109.20","16,142.65","15,972.20",19.72M,-0.01%
"Sep 04, 2019","16,032.50","15,985.75","16,090.85","15,944.40",19.50M,0.30%
"Sep 03, 2019","15,984.90","16,027.10","16,189.45","15,935.90",20.91M,-0.16%
"Aug 30, 2019","16,010.40","15,893.90","16,039.25","15,734.20",25.88M,0.79%
"Aug 29, 2019","15,884.55","15,774.65","15,943.30","15,754.90",20.87M,0.03%
"Aug 28, 2019","15,879.90","15,704.10","15,898.00","15,703.10",20.18M,1.31%
"Aug 27, 2019","15,675.30","15,817.30","15,833.55","15,631.50",34.22M,-1.35%
"Aug 26, 2019","15,890.20","15,825.25","15,922.55","15,628.10",16.82M,0.47%
"Aug 23, 2019","15,816.60","15,647.65","15,872.85","15,639.40",27.92M,1.18%
"Aug 22, 2019","15,632.00","15,581.50","15,703.15","15,478.80",18.02M,0.35%
"Aug 21, 2019","15,578.15","15,598.50","15,680.05","15,562.00",17.09M,-0.13%
"Aug 20, 2019","15,597.75","15,503.80","15,691.65","15,467.35",27.16M,1.18%
"Aug 19, 2019","15,415.15","15,420.05","15,514.90","15,396.00",13.49M,0.32%
"Aug 16, 2019","15,365.35","15,547.40","15,552.70","15,238.55",21.25M,-0.65%
"Aug 14, 2019","15,466.25","15,467.35","15,518.45","15,298.50",20.44M,0.27%
"Aug 13, 2019","15,424.40","15,809.25","15,822.40","15,379.60",18.33M,-2.51%
"Aug 09, 2019","15,821.35","15,898.00","15,945.40","15,785.75",32.48M,-0.29%
"Aug 08, 2019","15,867.95","15,677.45","15,919.20","15,654.45",26.62M,1.83%
"Aug 07, 2019","15,583.35","15,591.15","15,730.70","15,522.85",21.31M,0.44%
"Aug 06, 2019","15,514.80","15,479.20","15,636.50","15,434.25",29.68M,-0.02%
"Aug 05, 2019","15,518.55","15,349.70","15,544.90","15,312.55",26.87M,0.63%
"Aug 02, 2019","15,422.10","15,277.65","15,461.05","15,208.80",25.33M,0.59%
"Aug 01, 2019","15,332.10","15,576.95","15,593.55","15,277.75",39.78M,-1.84%
"Jul 31, 2019","15,620.20","15,437.60","15,649.15","15,303.70",30.80M,0.76%
"Jul 30, 2019","15,501.65","15,409.45","15,527.50","15,361.45",24.39M,0.65%
"Jul 29, 2019","15,400.85","15,365.10","15,528.10","15,297.00",17.71M,0.34%
"Jul 26, 2019","15,348.05","15,442.50","15,461.65","15,265.35",18.00M,-0.82%
"Jul 25, 2019","15,474.65","15,383.15","15,510.60","15,343.05",28.34M,0.61%
"Jul 24, 2019","15,380.75","15,465.80","15,531.85","15,332.85",20.12M,-0.73%
"Jul 23, 2019","15,493.40","15,497.55","15,645.70","15,467.70",26.63M,0.29%
"Jul 22, 2019","15,448.25","15,387.45","15,494.05","15,334.60",21.20M,0.42%
"Jul 19, 2019","15,383.65","15,520.70","15,611.60","15,363.05",24.07M,-0.74%
"Jul 18, 2019","15,498.50","15,554.90","15,636.85","15,455.05",51.34M,-1.13%
"Jul 17, 2019","15,676.00","15,602.70","15,708.80","15,508.95",31.07M,0.61%
"Jul 16, 2019","15,580.45","15,608.75","15,630.60","15,532.30",25.12M,-0.52%
"Jul 15, 2019","15,662.05","15,516.25","15,697.45","15,406.25",44.81M,2.85%
"Jul 12, 2019","15,227.40","15,227.60","15,293.35","15,186.10",24.36M,0.09%
"Jul 11, 2019","15,214.30","15,256.55","15,258.35","15,060.90",20.38M,0.30%
"Jul 10, 2019","15,168.60","15,077.00","15,322.75","15,045.10",23.95M,-0.56%
"Jul 09, 2019","15,254.50","15,381.35","15,434.00","15,123.60",23.59M,-0.79%
"Jul 08, 2019","15,376.00","15,410.85","15,480.15","15,317.40",26.98M,-1.12%
"Jul 05, 2019","15,550.05","15,960.85","15,979.45","15,520.00",20.47M,-2.46%
"Jul 04, 2019","15,942.40","15,901.45","15,992.60","15,896.90",12.82M,0.09%
"Jul 03, 2019","15,927.65","16,091.10","16,097.15","15,906.40",16.76M,-0.91%
"Jul 02, 2019","16,074.10","15,952.90","16,096.95","15,886.45",16.99M,0.99%
"Jul 01, 2019","15,916.70","15,982.70","16,023.55","15,893.55",16.68M,-0.12%
"Jun 28, 2019","15,936.45","16,069.90","16,085.40","15,904.80",37.90M,-0.35%
"Jun 27, 2019","15,991.80","16,096.20","16,129.40","15,946.65",41.15M,-0.68%
"Jun 26, 2019","16,101.75","16,152.70","16,255.20","16,079.20",28.70M,-0.70%
"Jun 25, 2019","16,214.45","16,158.80","16,252.95","16,050.60",19.77M,0.17%
"Jun 24, 2019","16,187.40","16,202.40","16,231.60","16,142.40",16.35M,-0.01%
"Jun 21, 2019","16,189.40","16,343.35","16,358.95","16,154.85",44.93M,-0.78%
"Jun 20, 2019","16,316.95","16,039.00","16,338.75","15,994.95",33.53M,0.21%
"Jun 19, 2019","16,282.70","16,358.75","16,391.50","16,215.95",29.33M,-0.24%
"Jun 18, 2019","16,322.50","16,215.70","16,352.40","16,212.30",31.94M,0.58%
"Jun 17, 2019","16,228.20","16,285.00","16,313.55","16,190.90",21.96M,-0.25%
"Jun 14, 2019","16,268.20","16,326.70","16,336.10","16,239.20",26.30M,-0.30%
"Jun 13, 2019","16,316.60","16,340.05","16,421.80","16,282.65",24.13M,-0.67%
"Jun 12, 2019","16,425.95","16,441.75","16,446.95","16,283.65",29.52M,-0.13%
"Jun 11, 2019","16,448.10","16,406.25","16,488.65","16,380.50",30.62M,0.52%
"Jun 10, 2019","16,362.40","16,176.85","16,381.65","16,152.20",24.74M,1.57%
"Jun 07, 2019","16,109.85","16,042.30","16,155.05","15,972.75",29.10M,0.61%
"Jun 06, 2019","16,012.10","16,155.80","16,159.75","15,991.40",31.27M,-0.58%
"Jun 04, 2019","16,105.20","16,276.80","16,285.85","16,072.90",35.77M,-1.56%
"Jun 03, 2019","16,360.55","16,159.50","16,391.00","16,082.80",28.15M,1.24%
"May 31, 2019","16,160.65","16,070.60","16,197.35","16,042.60",53.20M,1.02%
"May 30, 2019","15,997.35","15,908.95","16,034.75","15,879.20",51.50M,0.83%
"May 29, 2019","15,865.60","15,773.30","15,973.00","15,754.35",30.45K,0.66%
"May 28, 2019","15,762.05","15,614.10","15,806.20","15,554.90",104.74K,1.32%
"May 27, 2019","15,556.65","15,587.40","15,629.60","15,526.40",32.49K,-0.08%
"May 24, 2019","15,569.85","15,622.25","15,626.35","15,461.85",27.92K,0.20%
"May 23, 2019","15,538.85","15,772.05","15,819.05","15,506.20",26.41K,-0.81%
"May 22, 2019","15,666.15","15,750.05","15,812.25","15,640.60",29.50K,-0.64%
"May 21, 2019","15,766.95","15,982.30","15,989.05","15,737.15",21.39K,-1.26%
"May 20, 2019","15,968.20","15,933.30","16,009.65","15,642.70",33.97K,0.79%
"May 17, 2019","15,843.40","15,962.40","16,000.35","15,803.20",21.61K,-0.57%
"May 16, 2019","15,934.00","15,816.65","15,994.25","15,779.75",20.98K,1.00%
"May 15, 2019","15,776.80","15,793.35","15,896.30","15,743.70",26.51K,0.09%
"May 14, 2019","15,762.75","15,942.95","15,966.65","15,642.95",32.26K,-1.21%
"May 13, 2019","15,955.30","15,949.00","16,095.70","15,915.15",25.19K,0.04%
"May 10, 2019","15,949.60","16,117.60","16,146.35","15,911.95",30.52K,-1.14%
"May 09, 2019","16,132.85","16,031.60","16,164.90","16,002.45",28.76K,0.44%
"May 08, 2019","16,061.60","16,106.05","16,129.40","15,998.60",25.15K,-0.46%
"May 07, 2019","16,135.75","16,145.65","16,225.85","16,100.65",26.14K,0.15%
"May 06, 2019","16,111.35","15,949.30","16,146.40","15,925.40",33.86K,0.11%
"May 03, 2019","16,092.95","16,259.50","16,265.30","16,065.45",32.29K,-1.89%
"May 02, 2019","16,403.70","16,656.90","16,673.60","16,387.30",27.47K,-1.81%
"Apr 30, 2019","16,705.40","16,510.95","16,720.40","16,502.45",37.84K,1.22%
"Apr 26, 2019","16,504.45","16,393.80","16,523.75","16,381.45",26.45K,0.93%
"Apr 25, 2019","16,352.80","16,361.00","16,388.55","16,299.20",43.11K,-0.11%
"Apr 24, 2019","16,370.35","16,182.90","16,405.80","16,161.35",40.59K,1.26%
"Apr 23, 2019","16,166.30","16,179.45","16,193.60","16,082.45",33.65K,0.10%
"Apr 22, 2019","16,150.60","16,077.55","16,204.30","16,057.90",30.04K,0.44%
"Apr 18, 2019","16,079.30","16,177.85","16,177.85","16,021.00",72.22K,-0.03%
"Apr 16, 2019","16,084.90","16,166.15","16,176.60","16,064.35",70.24K,-0.18%
"Apr 15, 2019","16,113.70","15,917.70","16,136.60","15,862.00",88.39K,1.27%
"Apr 12, 2019","15,911.10","15,918.10","15,989.70","15,832.00",52.35K,0.23%
"Apr 11, 2019","15,874.75","16,018.00","16,030.85","15,852.30",37.53K,-0.78%
"Apr 10, 2019","15,999.15","16,138.85","16,172.80","15,978.20",56.98K,-0.76%
"Apr 09, 2019","16,121.60","16,048.25","16,203.25","15,999.65",34.84K,0.58%
"Apr 08, 2019","16,028.25","15,982.85","16,061.30","15,857.15",22.09K,0.66%
"Apr 05, 2019","15,923.05","15,800.45","15,952.50","15,759.80",23.51K,1.13%
"Apr 04, 2019","15,744.80","15,947.80","15,954.15","15,691.00",31.36K,-1.37%
"Apr 03, 2019","15,962.95","15,996.50","16,009.85","15,862.50",25.16K,-0.16%
"Apr 02, 2019","15,988.40","15,902.90","16,013.25","15,874.65",25.36K,0.93%
"Apr 01, 2019","15,840.65","15,668.80","15,922.05","15,662.55",27.73K,1.36%
"Mar 29, 2019","15,628.20","15,681.60","15,729.50","15,578.20",28.70K,0.39%
"Mar 28, 2019","15,566.75","15,410.35","15,636.50","15,399.45",38.03K,1.48%
"Mar 27, 2019","15,339.40","15,352.60","15,421.85","15,307.10",27.54K,-0.11%
"Mar 26, 2019","15,356.60","15,415.50","15,426.25","15,218.25",28.39K,-0.39%
"Mar 25, 2019","15,416.85","15,579.05","15,579.05","15,388.40",28.31K,-0.86%
"Mar 22, 2019","15,551.10","15,652.30","15,652.30","15,462.20",32.64K,-0.31%
"Mar 20, 2019","15,599.25","15,563.95","15,735.25","15,554.45",43.42K,0.67%
"Mar 19, 2019","15,495.55","15,432.50","15,545.45","15,296.00",33.43K,0.89%
"Mar 18, 2019","15,359.45","15,614.80","15,661.30","15,304.75",30.22K,-1.20%
"Mar 15, 2019","15,546.60","15,346.00","15,649.25","15,324.85",55.79K,1.88%
"Mar 14, 2019","15,260.45","15,422.60","15,437.05","15,202.05",39.55K,-0.54%
"Mar 13, 2019","15,342.90","15,442.25","15,550.85","15,300.25",49.02K,-0.27%
"Mar 12, 2019","15,384.55","15,408.85","15,497.20","15,349.80",50.31K,-0.03%
"Mar 11, 2019","15,388.50","15,432.90","15,500.75","15,349.60",66.03K,-0.13%
"Mar 08, 2019","15,408.70","15,544.35","15,545.65","15,388.20",47.18K,-1.11%
"Mar 07, 2019","15,582.10","15,788.15","15,788.15","15,558.95",35.41K,-0.97%
"Mar 06, 2019","15,735.05","15,732.35","15,814.70","15,681.10",66.06K,0.45%
"Mar 05, 2019","15,664.10","15,839.20","15,839.20","15,634.55",55.37K,-1.16%
"Mar 01, 2019","15,848.30","15,778.15","15,871.10","15,752.20",31.82K,0.74%
"Feb 28, 2019","15,732.00","15,974.10","15,974.10","15,694.85",48.90K,-1.07%
"Feb 27, 2019","15,902.10","15,983.80","16,007.65","15,803.70",39.73K,-0.55%
"Feb 26, 2019","15,989.60","15,933.80","16,069.40","15,874.95",33.17K,-0.09%
"Feb 25, 2019","16,003.70","15,738.95","16,029.95","15,729.25",25.02K,2.03%
"Feb 22, 2019","15,684.70","15,582.80","15,717.30","15,543.50",26.50K,0.61%
"Feb 21, 2019","15,588.90","15,609.15","15,691.40","15,492.20",40.92K,-0.13%
"Feb 20, 2019","15,609.45","15,382.45","15,651.70","15,330.80",33.01K,1.80%
"Feb 19, 2019","15,333.50","15,644.05","15,651.90","15,287.50",28.73K,-2.08%
"Feb 18, 2019","15,659.00","15,895.50","15,948.10","15,618.05",30.34K,-0.99%
"Feb 15, 2019","15,815.60","15,898.40","15,912.45","15,620.45",55.72K,-0.29%
"Feb 14, 2019","15,861.65","15,992.45","16,002.20","15,828.85",25.02K,-1.12%
"Feb 13, 2019","16,041.65","15,958.40","16,087.30","15,885.30",28.68K,0.65%
"Feb 12, 2019","15,938.65","16,093.45","16,094.60","15,788.10",33.48K,-1.00%
"Feb 11, 2019","16,099.05","16,050.20","16,159.05","16,002.50",22.64K,0.49%
"Feb 08, 2019","16,019.80","16,001.15","16,145.70","15,979.80",25.55K,-0.41%
"Feb 07, 2019","16,085.85","16,045.55","16,167.85","16,031.15",30.23K,0.19%
"Feb 06, 2019","16,055.60","15,857.70","16,090.70","15,835.70",44.34K,2.01%
"Feb 05, 2019","15,738.70","15,709.00","15,812.15","15,634.95",26.08K,-0.10%
"Feb 04, 2019","15,754.80","15,727.20","15,819.70","15,635.90",23.26K,0.19%
"Feb 01, 2019","15,724.30","15,522.55","15,751.75","15,485.70",29.34K,1.45%
"Jan 31, 2019","15,499.30","15,299.45","15,513.45","15,276.05",47.44K,1.60%
"Jan 30, 2019","15,255.20","15,304.00","15,381.45","15,192.40",37.42K,0.16%
"Jan 29, 2019","15,231.30","15,126.15","15,293.00","14,986.70",31.19K,0.74%
"Jan 28, 2019","15,120.15","15,085.05","15,161.70","15,026.75",35.88K,0.54%
"Jan 25, 2019","15,039.30","14,952.75","15,161.20","14,927.25",39.35K,0.45%
"Jan 24, 2019","14,971.90","14,897.45","15,003.55","14,793.25",33.17K,0.56%
"Jan 23, 2019","14,888.75","14,975.20","15,003.85","14,856.85",37.43K,-0.49%
"Jan 22, 2019","14,962.60","14,927.15","15,019.60","14,814.95",33.07K,-0.03%
"Jan 21, 2019","14,966.40","14,920.35","15,100.20","14,850.00",45.51K,0.49%
"Jan 18, 2019","14,893.00","14,744.05","14,923.75","14,709.45",34.63K,0.63%
"Jan 17, 2019","14,800.25","14,714.25","14,813.90","14,660.05",38.25K,0.63%
"Jan 16, 2019","14,707.80","14,688.85","14,732.75","14,610.10",41.89K,0.34%
"Jan 15, 2019","14,658.50","14,265.70","14,685.50","14,262.40",82.29K,3.06%
"Jan 14, 2019","14,223.60","14,474.50","14,495.70","14,196.00",41.01K,-0.58%
"Jan 11, 2019","14,307.10","14,288.95","14,326.90","14,134.25",36.39K,-0.11%
"Jan 10, 2019","14,323.25","14,388.85","14,393.45","14,272.25",25.39K,-0.02%
"Jan 09, 2019","14,326.10","14,417.20","14,495.70","14,162.20",39.78K,0.28%
"Jan 08, 2019","14,285.70","14,344.60","14,357.75","14,238.20",30.28K,-0.04%
"Jan 07, 2019","14,291.50","14,238.05","14,316.00","14,204.65",23.05K,1.03%
"Jan 04, 2019","14,146.15","14,332.65","14,359.20","13,958.85",32.61K,-1.23%
"Jan 03, 2019","14,322.15","14,479.75","14,542.30","14,276.50",25.16K,-0.86%
"Jan 02, 2019","14,447.10","14,467.40","14,593.85","14,371.00",27.02K,-0.03%
"Jan 01, 2019","14,450.90","14,426.45","14,480.55","14,357.05",14.01K,0.07%
