ticker,date,open,high,low,close,adj close,volume
HDFC.NS,2021-10-12,2749.7,2767.0,2735.0,2755.1,2755.1,1405440
HDFC.NS,2021-10-11,2739.0,2769.0,2726.8,2749.25,2749.25,1772928
HDFC.NS,2021-10-08,2731.0,2745.6,2716.0,2720.65,2720.65,1717789
HDFC.NS,2021-10-07,2770.7,2774.95,2722.6,2727.0,2727.0,2247447
HDFC.NS,2021-10-06,2729.0,2795.0,2717.0,2750.95,2750.95,3585527
HDFC.NS,2021-10-05,2720.0,2754.95,2715.45,2741.45,2741.45,2125481
HDFC.NS,2021-10-04,2740.15,2770.0,2720.6,2725.2,2725.2,2170245
HDFC.NS,2021-10-01,2738.6,2752.0,2693.6,2711.65,2711.65,2461059
HDFC.NS,2021-09-30,2729.9,2785.0,2721.2,2754.3,2754.3,4185583
HDFC.NS,2021-09-29,2786.5,2792.95,2757.0,2759.6,2746.45,1216394
HDFC.NS,2021-09-28,2842.0,2850.0,2760.95,2804.95,2804.95,2645677
HDFC.NS,2021-09-27,2845.75,2869.4,2824.8,2839.8,2839.8,2683402
HDFC.NS,2021-09-24,2818.6,2850.0,2800.0,2839.0,2839.0,2433032
HDFC.NS,2021-09-23,2756.1,2828.5,2730.0,2817.4,2817.4,3720176
HDFC.NS,2021-09-22,2765.0,2773.95,2717.7,2734.7,2734.7,3053209
HDFC.NS,2021-09-21,2760.0,2780.7,2724.75,2774.35,2774.35,2118812
HDFC.NS,2021-09-20,2795.3,2808.65,2733.0,2742.5,2742.5,2057361
HDFC.NS,2021-09-17,2832.25,2851.95,2801.7,2825.65,2825.65,4446319
HDFC.NS,2021-09-16,2800.0,2823.9,2798.5,2812.35,2812.35,1830788
HDFC.NS,2021-09-15,2768.1,2843.0,2795.0,2815.45,2815.45,1924569
HDFC.NS,2021-09-14,2864.95,2869.0,2810.0,2818.05,2818.05,2238099
HDFC.NS,2021-09-13,2768.1,2875.85,2833.3,2849.8,2849.8,3283559
HDFC.NS,2021-09-09,2768.1,2853.85,2813.8,2830.1,2830.1,1986751
HDFC.NS,2021-09-08,2838.25,2852.0,2802.25,2829.3,2829.3,2273613
HDFC.NS,2021-09-07,2769.8,2853.65,2749.95,2837.0,2837.0,4071326
HDFC.NS,2021-09-06,2768.1,2777.7,2741.2,2765.3,2765.3,1728760
HDFC.NS,2021-09-03,2768.1,2784.15,2742.1,2758.6,2758.6,1913462
HDFC.NS,2021-09-02,2756.9,2785.0,2737.25,2777.7,2777.7,1733860
HDFC.NS,2021-09-01,2790.0,2796.95,2756.15,2770.9,2747.75,824167
HDFC.NS,2021-08-31,2748.0,2812.0,2739.35,2798.5,2798.5,4933523
HDFC.NS,2021-08-30,2730.45,2764.9,2723.1,2755.7,2755.7,1731579
HDFC.NS,2021-08-27,2694.1,2724.65,2662.05,2718.2,2718.2,2760219
HDFC.NS,2021-08-26,2711.25,2720.0,2682.2,2700.35,2700.35,1852581
HDFC.NS,2021-08-25,2707.8,2718.5,2696.25,2699.25,2699.25,1714105
HDFC.NS,2021-08-24,2726.0,2729.9,2683.95,2691.25,2691.25,2984147
HDFC.NS,2021-08-23,2745.5,2758.5,2710.0,2721.95,2721.95,1901346
HDFC.NS,2021-08-20,2700.0,2738.95,2698.0,2725.75,2722.05,2820281
HDFC.NS,2021-08-18,2750.0,2770.3,2698.0,2710.75,2710.75,2500384
HDFC.NS,2021-08-17,2729.95,2732.6,2707.15,2722.8,2738.4,1629591
HDFC.NS,2021-08-16,2656.6,2734.45,2693.8,2731.15,2731.15,2465775
HDFC.NS,2021-08-13,2656.6,2715.0,2662.0,2704.15,2704.15,3247706
HDFC.NS,2021-08-12,2656.6,2675.25,2646.6,2668.75,2668.75,1701840
HDFC.NS,2021-08-11,2675.0,2689.5,2633.75,2658.5,2658.5,1768994
HDFC.NS,2021-08-10,2634.7,2673.1,2626.85,2667.2,2671.65,2379578
HDFC.NS,2021-08-09,2632.05,2646.25,2599.9,2623.9,2623.9,1751767
HDFC.NS,2021-08-06,2573.3,2673.0,2621.4,2628.1,2628.1,2139649
HDFC.NS,2021-08-05,2573.3,2685.0,2644.3,2661.7,2661.7,4020806
HDFC.NS,2021-08-04,2573.3,2681.0,2565.0,2676.05,2676.05,9604206
HDFC.NS,2021-08-03,2515.0,2560.0,2476.0,2554.65,2554.65,5962386
HDFC.NS,2021-08-02,2466.0,2487.0,2425.1,2462.05,2462.05,5007749
HDFC.NS,2021-07-30,2417.95,2464.7,2414.8,2441.15,2441.15,4128240
HDFC.NS,2021-07-29,2424.0,2433.65,2405.1,2414.8,2414.8,3288215
HDFC.NS,2021-07-28,2417.1,2432.45,2380.0,2425.8,2425.8,3987338
HDFC.NS,2021-07-27,2470.9,2474.0,2430.0,2433.95,2433.95,2679112
HDFC.NS,2021-07-26,2485.0,2485.0,2460.0,2464.3,2464.3,1462121
HDFC.NS,2021-07-23,2497.8,2501.6,2470.0,2482.5,2482.5,1275886
HDFC.NS,2021-07-22,2470.1,2493.05,2465.5,2490.3,2490.3,1792331
HDFC.NS,2021-07-20,2470.0,2480.5,2450.0,2458.75,2458.75,1731177
HDFC.NS,2021-07-19,2488.0,2497.7,2470.9,2481.65,2481.65,2261691
HDFC.NS,2021-07-16,2548.0,2558.0,2531.5,2536.9,2536.9,1568460
HDFC.NS,2021-07-15,2539.0,2555.0,2516.0,2540.1,2540.1,3272079
HDFC.NS,2021-07-14,2544.0,2544.9,2516.0,2531.1,2531.1,2724768
HDFC.NS,2021-07-13,2496.0,2549.95,2487.75,2544.9,2544.9,3715945
HDFC.NS,2021-07-12,2503.0,2511.0,2452.2,2476.95,2476.95,6816928
HDFC.NS,2021-07-09,2504.1,2509.0,2484.85,2496.45,2496.45,1348029
HDFC.NS,2021-07-08,2535.0,2543.85,2508.0,2512.05,2512.05,2683608
HDFC.NS,2021-07-07,2503.85,2545.8,2495.2,2529.2,2529.2,2541818
HDFC.NS,2021-07-06,2463.0,2518.9,2490.2,2496.4,2496.4,1427778
HDFC.NS,2021-07-05,2463.0,2496.8,2471.2,2494.9,2494.9,1234500
HDFC.NS,2021-07-02,2463.0,2480.0,2445.0,2475.7,2475.7,1949817
HDFC.NS,2021-07-01,2480.0,2491.35,2456.0,2459.4,2459.4,2189190
HDFC.NS,2021-06-30,2503.15,2515.0,2472.2,2475.25,2475.25,2797824
HDFC.NS,2021-06-29,2510.0,2510.0,2476.9,2501.2,2501.2,2670305
HDFC.NS,2021-06-28,2515.0,2523.1,2491.2,2494.95,2494.95,2139685
HDFC.NS,2021-06-25,2511.0,2515.0,2482.0,2509.2,2509.2,1871487
HDFC.NS,2021-06-24,2514.9,2515.0,2485.0,2487.4,2487.4,3257635
HDFC.NS,2021-06-23,2537.0,2537.0,2493.0,2497.2,2497.2,2179078
HDFC.NS,2021-06-22,2546.8,2546.8,2514.7,2522.9,2522.9,2603850
HDFC.NS,2021-06-21,2459.0,2524.2,2451.0,2516.4,2516.4,1891279
HDFC.NS,2021-06-18,2511.0,2511.0,2453.05,2488.1,2488.1,3082593
HDFC.NS,2021-06-17,2535.0,2506.95,2482.2,2487.3,2487.3,2657515
HDFC.NS,2021-06-16,2535.0,2545.0,2515.7,2521.45,2521.45,2290554
HDFC.NS,2021-06-15,2559.8,2559.8,2535.2,2545.1,2545.1,1589397
HDFC.NS,2021-06-14,2559.8,2559.8,2512.65,2539.2,2539.2,2124320
HDFC.NS,2021-06-11,2575.0,2594.3,2555.0,2559.8,2559.8,2339839
HDFC.NS,2021-06-10,2554.75,2567.85,2535.0,2561.9,2561.9,2115506
HDFC.NS,2021-06-09,2558.0,2579.25,2539.75,2544.75,2544.75,2784601
HDFC.NS,2021-06-07,2588.0,2626.0,2584.05,2613.0,2585.75,3593742
HDFC.NS,2021-06-08,2586.0,2589.9,2550.0,2554.5,2554.5,3046814
HDFC.NS,2021-06-04,2588.0,2626.0,2584.05,2619.05,2619.05,3592289
HDFC.NS,2021-06-03,2568.0,2602.95,2556.45,2578.3,2584.0,3635959
HDFC.NS,2021-06-02,2570.75,2581.85,2531.1,2562.15,2562.15,3550348
HDFC.NS,2021-06-01,2567.0,2610.0,2560.5,2580.75,2580.75,3899280
HDFC.NS,2021-05-31,2527.55,2564.8,2502.0,2552.85,2552.85,3220473
HDFC.NS,2021-05-28,2514.65,2549.85,2511.0,2541.35,2518.35,2547333
HDFC.NS,2021-05-27,2580.35,2580.35,2488.05,2508.85,2486.14,14037015
HDFC.NS,2021-05-26,2547.0,2575.0,2530.5,2567.55,2544.31,1839152
HDFC.NS,2021-05-25,2562.0,2570.4,2523.5,2530.5,2507.6,2641738
HDFC.NS,2021-05-24,2515.0,2558.8,2515.0,2540.9,2517.9,2655396
HDFC.NS,2021-05-21,2472.0,2525.95,2457.15,2518.05,2495.26,2711084
HDFC.NS,2021-05-20,2467.0,2488.0,2440.1,2445.0,2422.87,2551264
HDFC.NS,2021-05-19,2498.0,2517.0,2453.75,2459.85,2437.59,2031105
HDFC.NS,2021-05-18,2508.0,2527.0,2486.95,2502.85,2480.2,2843862
HDFC.NS,2021-05-17,2454.0,2495.0,2435.5,2486.45,2463.95,4452603
HDFC.NS,2021-05-14,2438.7,2443.95,2402.1,2422.0,2400.08,2254726
HDFC.NS,2021-05-12,2448.0,2448.0,2407.5,2438.7,2416.63,3167516
HDFC.NS,2021-05-11,2489.35,2502.0,2447.6,2464.2,2441.9,3728419
HDFC.NS,2021-05-10,2515.1,2563.7,2515.1,2531.35,2508.44,4289915
HDFC.NS,2021-05-07,2454.7,2507.3,2438.4,2496.75,2474.15,4829596
HDFC.NS,2021-05-06,2397.3,2435.0,2382.0,2430.1,2408.11,2400967
HDFC.NS,2021-05-05,2392.0,2403.0,2354.0,2377.6,2356.08,3458441
HDFC.NS,2021-05-04,2420.0,2435.0,2373.6,2377.2,2355.69,3134375
HDFC.NS,2021-05-03,2365.0,2432.95,2365.0,2418.5,2396.61,2984550
HDFC.NS,2021-04-30,2503.1,2525.0,2411.1,2420.1,2398.2,6023730
HDFC.NS,2021-04-29,2590.9,2628.0,2533.0,2538.85,2515.87,3004578
HDFC.NS,2021-04-28,2516.1,2609.0,2508.3,2577.0,2553.68,3407168
HDFC.NS,2021-04-27,2494.15,2526.8,2486.25,2518.4,2495.61,2040510
HDFC.NS,2021-04-26,2500.0,2534.1,2483.2,2509.8,2487.09,3915735
HDFC.NS,2021-04-23,2455.05,2504.15,2437.5,2497.35,2474.75,3143746
HDFC.NS,2021-04-22,2400.0,2485.0,2373.0,2479.7,2457.26,4513749
HDFC.NS,2021-04-20,2542.15,2544.0,2406.2,2415.9,2394.04,7364560
HDFC.NS,2021-04-19,2474.0,2510.0,2452.0,2492.35,2469.79,3549408
HDFC.NS,2021-04-16,2550.0,2589.8,2546.85,2574.05,2550.75,3133311
HDFC.NS,2021-04-15,2540.0,2555.0,2493.0,2547.15,2524.1,4198476
HDFC.NS,2021-04-13,2422.4,2523.1,2412.25,2512.95,2490.21,3831074
HDFC.NS,2021-04-12,2450.0,2454.45,2405.0,2419.85,2397.95,3772312
HDFC.NS,2021-04-09,2522.0,2556.0,2505.0,2531.5,2491.15,1255083
HDFC.NS,2021-04-08,2495.0,2530.9,2485.75,2502.55,2479.9,2510451
HDFC.NS,2021-04-07,2489.0,2507.8,2457.0,2482.7,2460.23,3510587
HDFC.NS,2021-04-06,2470.3,2486.85,2435.35,2472.3,2449.93,2882542
HDFC.NS,2021-04-05,2530.0,2531.0,2413.0,2445.85,2423.71,1617616800000
HDFC.NS,2021-04-01,2524.0,2536.95,2480.0,2531.45,2508.54,2620651
HDFC.NS,2021-03-31,2599.6,2599.6,2490.0,2498.1,2475.49,1617184800
HDFC.NS,2021-03-30,2569.3,2617.0,2555.25,2605.65,2582.07,1617098400
HDFC.NS,2021-03-26,2506.75,2548.0,2491.2,2532.75,2509.83,3271769
HDFC.NS,2021-03-25,2488.0,2491.6,2431.1,2470.75,2448.39,4758001
HDFC.NS,2021-03-24,2484.85,2503.5,2446.7,2465.75,2443.43,3165084
HDFC.NS,2021-03-23,2531.0,2541.35,2492.1,2509.9,2487.18,3980220
HDFC.NS,2021-03-22,2530.1,2547.35,2485.0,2531.85,2508.94,3367633
HDFC.NS,2021-03-19,2486.0,2567.0,2481.7,2531.65,2508.74,5276336
HDFC.NS,2021-03-18,2549.0,2561.45,2501.0,2514.6,2491.84,3459894
HDFC.NS,2021-03-17,2509.1,2542.0,2502.75,2515.55,2492.78,3362317
HDFC.NS,2021-03-16,2556.5,2562.65,2503.0,2510.4,2487.68,2443578
HDFC.NS,2021-03-15,2565.0,2568.0,2496.05,2535.5,2512.55,2905173
HDFC.NS,2021-03-12,2662.0,2667.95,2556.35,2568.0,2544.76,3486772
HDFC.NS,2021-03-10,2590.4,2609.4,2580.6,2599.8,2576.27,2569136
HDFC.NS,2021-03-09,2513.1,2584.4,2513.1,2577.3,2553.97,2877094
HDFC.NS,2021-03-08,2555.05,2560.0,2505.4,2510.25,2487.53,2176992
HDFC.NS,2021-03-05,2573.6,2579.9,2523.5,2543.9,2520.88,4253628
HDFC.NS,2021-03-04,2610.0,2610.0,2568.0,2582.95,2559.57,5314647
HDFC.NS,2021-03-03,2608.9,2664.15,2592.15,2654.9,2630.87,5639329
HDFC.NS,2021-03-02,2615.0,2615.0,2541.55,2564.0,2540.79,4085906
HDFC.NS,2021-03-01,2556.0,2614.6,2548.6,2606.0,2582.41,3595699
HDFC.NS,2021-02-26,2631.05,2631.05,2520.0,2539.4,2516.42,8770157
HDFC.NS,2021-02-25,2718.5,2739.0,2677.0,2684.7,2660.4,4757508
HDFC.NS,2021-02-24,2610.1,2662.85,2610.1,2628.6,2683.24,2024708
HDFC.NS,2021-02-23,2670.35,2677.9,2621.0,2628.6,2604.81,3022598
HDFC.NS,2021-02-22,2741.3,2741.3,2638.15,2651.95,2627.95,4090324
HDFC.NS,2021-02-19,2725.0,2765.0,2714.15,2741.3,2716.49,2274637
HDFC.NS,2021-02-18,2800.0,2806.0,2730.1,2745.15,2720.31,2937126
HDFC.NS,2021-02-17,2850.25,2856.6,2787.85,2805.35,2779.96,2873669
HDFC.NS,2021-02-16,2871.0,2896.0,2838.0,2858.65,2832.78,2294346
HDFC.NS,2021-02-15,2819.0,2868.0,2805.0,2860.45,2834.56,2847183
HDFC.NS,2021-02-12,2746.0,2809.0,2735.6,2791.5,2766.24,2921142
HDFC.NS,2021-02-11,2744.1,2767.6,2737.45,2760.6,2735.62,1935336
HDFC.NS,2021-02-10,2745.95,2780.0,2739.2,2767.1,2742.06,5602423
HDFC.NS,2021-02-09,2760.0,2784.0,2710.45,2747.05,2722.19,5585917
HDFC.NS,2021-02-08,2765.0,2765.0,2711.1,2733.35,2708.61,3806996
HDFC.NS,2021-02-05,2724.5,2767.8,2696.2,2721.5,2696.87,4574303
HDFC.NS,2021-02-04,2740.4,2742.0,2659.0,2707.75,2683.24,4107572
HDFC.NS,2021-02-03,2695.0,2734.5,2618.0,2703.55,2679.08,4782266
HDFC.NS,2021-02-02,2625.0,2762.95,2612.0,2659.0,2634.94,9253021
HDFC.NS,2021-02-01,2402.7,2602.1,2391.85,2579.25,2555.91,7104733
HDFC.NS,2021-01-29,2450.0,2460.0,2364.6,2377.8,2356.28,7346603
HDFC.NS,2021-01-28,2430.1,2454.0,2395.25,2425.75,2403.8,5282254
HDFC.NS,2021-01-27,2546.3,2546.3,2458.25,2467.0,2444.67,4858119
HDFC.NS,2021-01-25,2630.45,2670.0,2543.0,2551.4,2528.31,7761255
HDFC.NS,2021-01-22,2669.0,2678.75,2583.05,2589.45,2566.01,5013214
HDFC.NS,2021-01-21,2687.95,2698.0,2641.25,2663.0,2638.9,3199897
HDFC.NS,2021-01-20,2666.0,2711.9,2622.6,2688.15,2663.82,5770974
HDFC.NS,2021-01-19,2585.0,2680.8,2575.0,2656.95,2632.9,3569018
HDFC.NS,2021-01-18,2645.95,2647.4,2550.0,2566.5,2543.27,5153500
HDFC.NS,2021-01-15,2661.0,2688.45,2615.6,2632.75,2608.92,2581152
HDFC.NS,2021-01-14,2670.0,2699.0,2647.15,2684.05,2659.76,4253472
HDFC.NS,2021-01-13,2760.45,2777.15,2651.1,2670.9,2646.73,5580886
HDFC.NS,2021-01-12,2738.0,2760.0,2719.0,2747.55,2722.68,3411996
HDFC.NS,2021-01-11,2680.0,2762.0,2666.75,2751.2,2726.3,5939035
HDFC.NS,2021-01-08,2668.0,2674.4,2631.0,2657.5,2633.45,4496348
HDFC.NS,2021-01-07,2670.0,2709.35,2647.4,2661.35,2637.26,4105141
HDFC.NS,2021-01-06,2664.7,2665.0,2619.0,2638.85,2614.97,3400991
HDFC.NS,2021-01-05,2589.0,2659.45,2572.4,2651.85,2627.85,5870175
HDFC.NS,2021-01-04,2576.9,2592.35,2533.15,2578.5,2555.16,2795669
HDFC.NS,2021-01-01,2549.0,2593.3,2541.15,2568.75,2545.5,2053979
HDFC.NS,2020-12-31,2518.7,2575.0,2504.4,2558.65,2535.49,4956047
HDFC.NS,2020-12-30,2518.95,2525.0,2483.0,2518.05,2495.26,2901959
HDFC.NS,2020-12-29,2480.0,2530.0,2480.0,2518.95,2496.15,4489378
HDFC.NS,2020-12-28,2467.0,2485.0,2436.6,2476.45,2454.04,2085270
HDFC.NS,2020-12-24,2417.0,2464.65,2411.05,2455.15,2432.93,2722984
HDFC.NS,2020-12-23,2398.0,2419.65,2376.75,2403.05,2381.3,2605244
HDFC.NS,2020-12-22,2415.0,2439.9,2360.5,2403.65,2381.9,4831422
HDFC.NS,2020-12-21,2468.0,2478.95,2370.45,2414.8,2392.95,3573840
HDFC.NS,2020-12-18,2482.0,2489.0,2431.0,2479.4,2456.96,4185622
HDFC.NS,2020-12-17,2434.9,2509.0,2420.15,2494.6,2472.02,7378960
HDFC.NS,2020-12-16,2377.95,2443.4,2365.5,2424.65,2402.71,6532129
HDFC.NS,2020-12-15,2290.5,2357.4,2282.7,2350.35,2329.08,5056059
HDFC.NS,2020-12-14,2306.7,2315.65,2270.55,2302.65,2281.81,3159976
HDFC.NS,2020-12-11,2307.0,2317.7,2272.0,2295.9,2275.12,4577292
HDFC.NS,2020-12-10,2300.0,2303.0,2267.0,2289.1,2268.38,2544756
HDFC.NS,2020-12-09,2318.0,2334.65,2280.6,2306.7,2285.82,3302490
HDFC.NS,2020-12-08,2315.0,2340.0,2292.05,2309.75,2288.85,5262470
HDFC.NS,2020-12-07,2240.0,2309.7,2221.2,2303.8,2282.95,4910062
HDFC.NS,2020-12-04,2253.95,2284.9,2231.6,2245.9,2225.57,3244978
HDFC.NS,2020-12-03,2287.0,2289.45,2235.0,2253.95,2233.55,4528519
HDFC.NS,2020-12-02,2300.0,2304.0,2252.5,2276.35,2255.75,3190069
HDFC.NS,2020-12-01,2237.0,2324.0,2217.65,2306.95,2286.07,7031363
HDFC.NS,2020-11-27,2240.0,2272.45,2202.2,2256.25,2235.83,10165519
HDFC.NS,2020-11-26,2197.15,2245.0,2187.65,2238.4,2218.14,5025688
HDFC.NS,2020-11-25,2228.0,2252.15,2179.3,2191.35,2171.52,6150165
HDFC.NS,2020-11-24,2272.25,2272.25,2209.55,2217.7,2197.63,4944940
HDFC.NS,2020-11-23,2344.2,2347.85,2230.1,2250.8,2230.43,6995200
HDFC.NS,2020-11-20,2330.0,2386.55,2326.55,2334.8,2313.67,5318923
HDFC.NS,2020-11-19,2336.0,2351.9,2311.0,2324.6,2303.56,6936346
HDFC.NS,2020-11-18,2336.7,2369.4,2320.3,2364.9,2343.5,4344114
HDFC.NS,2020-11-17,2339.9,2364.75,2307.4,2349.0,2327.74,7392326
HDFC.NS,2020-11-14,2320.0,2329.35,2304.0,2311.25,2290.33,374286
HDFC.NS,2020-11-13,2320.0,2323.3,2284.0,2306.75,2285.87,3999495
HDFC.NS,2020-11-12,2297.25,2343.8,2267.45,2332.1,2310.99,6398106
HDFC.NS,2020-11-11,2279.0,2337.0,2273.0,2324.3,2303.26,7234852
HDFC.NS,2020-11-10,2185.0,2288.8,2175.55,2272.1,2251.54,8512543
HDFC.NS,2020-11-09,2150.0,2169.95,2138.2,2152.1,2132.62,3528896
HDFC.NS,2020-11-06,2110.0,2145.0,2102.45,2138.45,2119.1,4607372
HDFC.NS,2020-11-05,2106.0,2120.0,2084.3,2100.7,2081.69,4116981
HDFC.NS,2020-11-04,2111.1,2134.95,2056.4,2088.2,2069.3,5213097
HDFC.NS,2020-11-03,2030.0,2139.65,2030.0,2130.95,2111.66,8904698
HDFC.NS,2020-11-02,1916.0,2065.0,1916.0,2040.8,2022.33,7634929
HDFC.NS,2020-10-30,1930.0,1947.0,1906.85,1923.55,1906.14,4321210
HDFC.NS,2020-10-29,1941.25,1970.0,1927.3,1934.3,1916.79,3462517
HDFC.NS,2020-10-28,2045.0,2045.0,1965.0,1968.9,1951.08,4635704
HDFC.NS,2020-10-27,2056.0,2064.8,2027.0,2041.35,2022.88,4467696
HDFC.NS,2020-10-26,2058.0,2083.95,2052.75,2073.35,2054.59,4926568
HDFC.NS,2020-10-23,2056.0,2067.9,2046.0,2059.7,2041.06,3572848
HDFC.NS,2020-10-22,2038.3,2063.0,2023.15,2042.55,2024.06,5030635
HDFC.NS,2020-10-21,2030.0,2067.45,2005.35,2048.75,2030.21,8165525
HDFC.NS,2020-10-20,2025.0,2041.7,2004.05,2015.3,1997.06,4732271
HDFC.NS,2020-10-19,1985.0,2039.9,1983.1,2031.5,2013.11,6591120
HDFC.NS,2020-10-16,1948.4,1983.7,1939.35,1961.7,1943.95,3237562
HDFC.NS,2020-10-15,1983.0,2020.0,1938.25,1947.2,1929.58,5168907
HDFC.NS,2020-10-14,1935.0,1989.0,1919.05,1979.85,1961.93,3108027
HDFC.NS,2020-10-13,1962.0,1986.65,1930.55,1943.4,1925.81,3350912
HDFC.NS,2020-10-12,1965.0,1998.95,1942.3,1965.4,1947.61,3651367
HDFC.NS,2020-10-09,1945.0,2029.85,1938.0,1957.65,1939.93,10847098
HDFC.NS,2020-10-08,1952.5,1988.45,1938.5,1949.25,1931.61,4588593
HDFC.NS,2020-10-07,1945.0,1964.85,1908.85,1948.75,1931.11,7037421
HDFC.NS,2020-10-06,1803.15,1943.7,1803.15,1934.4,1916.89,16828790
HDFC.NS,2020-10-05,1784.0,1816.5,1775.7,1785.1,1768.94,4054650
HDFC.NS,2020-10-01,1755.0,1799.85,1750.0,1790.65,1774.44,3703678
HDFC.NS,2020-09-30,1716.9,1742.0,1703.2,1739.85,1724.3,2854261
HDFC.NS,2020-09-29,1692.0,1720.0,1682.1,1702.95,1697.6,3091484
HDFC.NS,2020-09-28,1672.9,1692.6,1658.0,1678.25,1666.23,2326927
HDFC.NS,2020-09-25,1651.95,1657.8,1628.1,1651.7,1637.05,3131957
HDFC.NS,2020-09-24,1646.8,1654.15,1623.0,1624.8,1622.04,3871443
HDFC.NS,2020-09-23,1694.0,1696.65,1650.4,1668.1,1652.01,4240783
HDFC.NS,2020-09-22,1716.25,1716.25,1672.0,1676.9,1659.69,3064379
HDFC.NS,2020-09-21,1722.8,1738.75,1701.85,1707.0,1692.69,2715748
HDFC.NS,2020-09-18,1752.9,1754.75,1721.25,1722.75,1708.4,2799815
HDFC.NS,2020-09-17,1750.0,1773.2,1736.5,1739.8,1728.56,2376465
HDFC.NS,2020-09-16,1766.0,1774.7,1743.45,1771.35,1752.15,2279109
HDFC.NS,2020-09-15,1754.9,1777.0,1742.8,1760.6,1742.83,2624057
HDFC.NS,2020-09-14,1781.0,1796.85,1728.4,1739.4,1722.27,3368771
HDFC.NS,2020-09-11,1771.0,1786.0,1760.0,1766.85,1752.15,1785916
HDFC.NS,2020-09-10,1781.0,1792.95,1760.0,1775.55,1761.36,2817267
HDFC.NS,2020-09-09,1759.55,1777.9,1755.0,1759.85,1744.81,1868471
HDFC.NS,2020-09-08,1785.1,1793.25,1773.9,1781.6,1761.21,2185747
HDFC.NS,2020-09-07,1773.0,1801.45,1760.0,1790.85,1774.89,3638022
HDFC.NS,2020-09-04,1783.6,1789.0,1761.8,1770.4,1753.68,3663935
HDFC.NS,2020-09-03,1831.0,1842.8,1803.45,1807.0,1792.38,2736103
HDFC.NS,2020-09-02,1849.85,1849.95,1810.0,1833.35,1810.66,3075457
HDFC.NS,2020-09-01,1858.0,1884.0,1831.85,1850.75,1834.45,3330581
HDFC.NS,2020-08-31,1898.5,1921.9,1797.55,1818.25,1816.01,5967871
HDFC.NS,2020-08-28,1871.0,1889.0,1862.8,1883.25,1866.21,4902034
HDFC.NS,2020-08-27,1832.0,1883.0,1830.0,1864.1,1847.23,8648370
HDFC.NS,2020-08-26,1837.0,1837.8,1803.6,1816.0,1799.56,3187324
HDFC.NS,2020-08-25,1843.75,1852.4,1817.05,1829.6,1813.04,2646061
HDFC.NS,2020-08-24,1814.95,1849.0,1811.0,1829.85,1813.29,3816020
HDFC.NS,2020-08-21,1800.0,1824.7,1787.15,1804.05,1787.72,3466180
HDFC.NS,2020-08-20,1803.0,1807.95,1782.25,1785.15,1768.99,2702784
HDFC.NS,2020-08-19,1835.0,1835.9,1818.05,1827.95,1811.41,2934730
HDFC.NS,2020-08-18,1801.1,1825.4,1795.95,1820.7,1804.22,3413536
HDFC.NS,2020-08-17,1805.0,1807.85,1783.85,1800.55,1784.25,4076960
HDFC.NS,2020-08-14,1818.6,1823.75,1773.25,1791.7,1775.48,6136756
HDFC.NS,2020-08-13,1818.5,1823.65,1799.55,1804.85,1788.52,3769538
HDFC.NS,2020-08-12,1825.75,1837.7,1802.0,1814.2,1797.78,3606317
HDFC.NS,2020-08-11,1813.0,1846.75,1810.5,1826.75,1810.22,4944312
HDFC.NS,2020-08-10,1794.0,1811.0,1789.3,1798.95,1782.67,3030905
HDFC.NS,2020-08-07,1774.95,1781.8,1763.0,1777.7,1761.61,5129443
HDFC.NS,2020-08-06,1798.25,1805.7,1762.05,1783.75,1767.61,6004606
HDFC.NS,2020-08-05,1784.4,1811.5,1766.25,1776.7,1760.62,5576452
HDFC.NS,2020-08-04,1749.0,1794.45,1743.4,1781.1,1764.98,4722573
HDFC.NS,2020-08-03,1781.0,1781.95,1730.1,1739.8,1724.05,4648922
HDFC.NS,2020-07-31,1805.0,1811.2,1759.0,1781.95,1765.82,7745798
HDFC.NS,2020-07-30,1880.0,1900.7,1804.0,1810.65,1794.26,7472920
HDFC.NS,2020-07-29,1885.0,1918.5,1867.2,1877.3,1860.31,7413828
HDFC.NS,2020-07-28,1859.35,1907.0,1844.5,1897.35,1880.18,4346191
HDFC.NS,2020-07-27,1841.3,1861.95,1824.0,1850.75,1834.0,3724634
HDFC.NS,2020-07-24,1854.0,1857.8,1817.0,1841.3,1824.64,3309135
HDFC.NS,2020-07-23,1881.05,1910.0,1871.6,1875.8,1858.82,3647232
HDFC.NS,2020-07-22,1895.5,1898.95,1851.5,1881.05,1864.03,5538884
HDFC.NS,2020-07-21,1816.5,1900.95,1815.0,1883.65,1866.6,6883945
HDFC.NS,2020-07-20,1844.0,1844.0,1801.0,1806.05,1789.7,3915625
HDFC.NS,2020-07-17,1800.0,1821.95,1784.05,1805.85,1789.51,4240987
HDFC.NS,2020-07-16,1792.0,1794.7,1750.0,1787.8,1771.62,4230092
HDFC.NS,2020-07-15,1809.0,1821.9,1782.0,1789.9,1773.7,3994968
HDFC.NS,2020-07-14,1825.0,1825.3,1770.5,1791.6,1775.39,5529618
HDFC.NS,2020-07-13,1905.0,1907.2,1840.0,1845.55,1828.85,3403602
HDFC.NS,2020-07-10,1915.0,1931.9,1876.25,1886.0,1868.93,3853077
HDFC.NS,2020-07-09,1871.3,1947.9,1865.0,1941.85,1903.47,6703275
HDFC.NS,2020-07-08,1895.0,1907.0,1871.0,1886.05,1828.18,2885741
HDFC.NS,2020-07-07,1880.0,1892.35,1857.0,1886.75,1828.86,4157207
HDFC.NS,2020-07-06,1903.25,1909.25,1864.55,1868.7,1811.37,5073615
HDFC.NS,2020-07-03,1905.55,1908.0,1867.3,1885.2,1827.36,4430242
HDFC.NS,2020-07-02,1852.95,1899.0,1842.6,1889.45,1831.48,6480497
HDFC.NS,2020-07-01,1764.0,1844.8,1760.4,1835.15,1778.85,6991581
HDFC.NS,2020-06-30,1751.15,1792.7,1747.2,1754.65,1700.82,6325231
HDFC.NS,2020-06-29,1755.0,1775.0,1726.25,1741.15,1687.73,3948941
HDFC.NS,2020-06-26,1793.85,1799.9,1752.4,1769.35,1715.06,5731445
HDFC.NS,2020-06-25,1782.2,1811.0,1761.9,1777.8,1723.26,5939558
HDFC.NS,2020-06-24,1825.0,1869.0,1788.6,1797.75,1742.59,7029206
HDFC.NS,2020-06-23,1820.0,1845.0,1803.05,1838.1,1781.7,5043362
HDFC.NS,2020-06-22,1850.8,1874.2,1813.1,1819.4,1763.58,4782897
HDFC.NS,2020-06-19,1854.0,1867.5,1814.0,1835.1,1778.8,12198857
HDFC.NS,2020-06-18,1790.0,1869.0,1787.3,1855.95,1799.01,5334225
HDFC.NS,2020-06-17,1819.0,1847.15,1786.0,1794.65,1739.59,6816669
HDFC.NS,2020-06-16,1785.0,1834.0,1768.05,1821.9,1766.0,7453389
HDFC.NS,2020-06-15,1786.95,1805.25,1726.0,1751.65,1697.91,5082362
HDFC.NS,2020-06-12,1710.0,1809.0,1710.0,1792.2,1737.21,5936556
HDFC.NS,2020-06-11,1805.0,1826.0,1781.35,1787.45,1732.61,5383837
HDFC.NS,2020-06-10,1784.0,1820.0,1782.0,1809.3,1753.79,4631195
HDFC.NS,2020-06-09,1763.2,1826.75,1746.0,1772.1,1717.73,9065349
HDFC.NS,2020-06-08,1801.0,1818.9,1748.35,1760.8,1706.78,6209412
HDFC.NS,2020-06-05,1775.0,1788.95,1740.6,1766.6,1712.4,6691733
HDFC.NS,2020-06-04,1815.0,1828.4,1759.0,1764.3,1710.17,7617442
HDFC.NS,2020-06-03,1835.2,1859.45,1823.1,1835.65,1779.33,9490512
HDFC.NS,2020-06-02,1737.7,1822.35,1732.15,1813.55,1757.91,8319032
HDFC.NS,2020-06-01,1706.6,1764.85,1701.3,1737.7,1684.39,8056618
HDFC.NS,2020-05-29,1615.9,1676.35,1590.9,1658.9,1608.0,13809094
HDFC.NS,2020-05-28,1580.0,1643.8,1577.0,1623.7,1573.88,10261919
HDFC.NS,2020-05-27,1513.0,1578.0,1490.0,1570.4,1522.22,12428419
HDFC.NS,2020-05-26,1516.0,1568.15,1486.0,1502.15,1456.06,12752483
HDFC.NS,2020-05-22,1582.0,1596.7,1501.5,1516.15,1469.63,12034379
HDFC.NS,2020-05-21,1632.9,1651.8,1590.0,1597.3,1548.29,7056039
HDFC.NS,2020-05-20,1550.0,1640.0,1545.0,1627.0,1577.08,6847040
HDFC.NS,2020-05-19,1570.0,1591.75,1512.0,1539.85,1492.61,9261075
HDFC.NS,2020-05-18,1633.5,1637.65,1506.4,1512.05,1465.66,8460057
HDFC.NS,2020-05-15,1649.0,1657.75,1609.0,1633.8,1583.67,5609955
HDFC.NS,2020-05-14,1685.0,1693.0,1628.1,1632.4,1582.32,5424645
HDFC.NS,2020-05-13,1747.0,1749.5,1698.0,1712.75,1660.2,5734243
HDFC.NS,2020-05-12,1630.0,1682.8,1587.1,1674.1,1622.74,7018913
HDFC.NS,2020-05-11,1712.5,1722.0,1652.1,1658.45,1607.57,4677440
HDFC.NS,2020-05-08,1737.0,1742.0,1685.0,1689.7,1637.86,4420826
HDFC.NS,2020-05-07,1730.0,1745.95,1697.65,1703.9,1651.62,3349383
HDFC.NS,2020-05-06,1709.0,1777.55,1680.0,1732.15,1679.01,8781387
HDFC.NS,2020-05-05,1745.0,1769.5,1678.0,1689.9,1638.05,7807170
HDFC.NS,2020-05-04,1856.0,1856.0,1708.3,1724.35,1671.44,6039982
HDFC.NS,2020-04-30,1857.0,1927.0,1855.5,1916.0,1857.21,8236759
HDFC.NS,2020-04-29,1734.0,1845.0,1726.0,1836.75,1780.4,11881498
HDFC.NS,2020-04-28,1615.8,1725.0,1612.65,1715.8,1663.16,7691578
HDFC.NS,2020-04-27,1618.1,1652.15,1585.35,1591.45,1542.62,5719079
HDFC.NS,2020-04-24,1603.0,1624.95,1569.1,1580.3,1531.81,7166405
HDFC.NS,2020-04-23,1674.9,1687.0,1651.6,1663.45,1612.41,4419109
HDFC.NS,2020-04-22,1669.7,1679.0,1626.15,1664.15,1613.09,5301750
HDFC.NS,2020-04-21,1670.0,1694.8,1651.1,1669.7,1618.47,6604432
HDFC.NS,2020-04-20,1709.8,1738.0,1673.4,1727.7,1674.69,7372103
HDFC.NS,2020-04-17,1690.0,1738.0,1652.4,1680.6,1629.04,8954461
HDFC.NS,2020-04-16,1590.0,1663.7,1575.0,1625.75,1575.87,7892724
HDFC.NS,2020-04-15,1708.5,1710.0,1584.9,1596.3,1547.32,8512086
HDFC.NS,2020-04-13,1725.0,1763.75,1646.55,1655.2,1604.42,7287724
HDFC.NS,2020-04-09,1587.7,1714.65,1587.5,1703.1,1650.85,8571846
HDFC.NS,2020-04-08,1543.4,1692.0,1535.0,1558.8,1510.97,8974317
HDFC.NS,2020-04-07,1574.7,1577.5,1517.6,1555.15,1507.44,12307166
HDFC.NS,2020-04-03,1575.5,1578.8,1482.25,1499.55,1453.54,10149368
HDFC.NS,2020-04-01,1645.5,1693.6,1575.9,1583.5,1534.92,6752007
HDFC.NS,2020-03-31,1625.0,1666.55,1582.0,1633.1,1582.99,10444725
HDFC.NS,2020-03-30,1667.3,1699.0,1548.0,1558.75,1510.93,8670676
HDFC.NS,2020-03-27,1785.2,1849.65,1710.05,1754.0,1700.19,9048364
HDFC.NS,2020-03-26,1689.5,1843.45,1671.2,1733.25,1680.07,12104338
HDFC.NS,2020-03-25,1476.0,1655.6,1476.0,1646.05,1595.55,10417406
HDFC.NS,2020-03-24,1554.0,1649.7,1473.45,1505.1,1458.92,8899305
HDFC.NS,2020-03-23,1578.6,1673.25,1500.0,1520.7,1474.04,9474508
HDFC.NS,2020-03-20,1624.0,1776.9,1535.2,1753.95,1700.14,11377216
HDFC.NS,2020-03-19,1502.1,1703.95,1490.1,1617.6,1567.97,11253577
HDFC.NS,2020-03-18,1771.0,1784.7,1602.4,1622.55,1572.77,9070005
HDFC.NS,2020-03-17,1858.05,1869.9,1740.0,1755.8,1701.93,6682573
HDFC.NS,2020-03-16,1964.0,1979.5,1825.0,1841.75,1785.24,10672789
HDFC.NS,2020-03-13,1780.05,2123.7,1688.15,2066.8,2003.39,14173598
HDFC.NS,2020-03-12,1990.0,1990.0,1861.1,1875.7,1818.15,8837482
HDFC.NS,2020-03-11,1970.0,2073.85,1970.0,2036.25,1973.78,6997019
HDFC.NS,2020-03-09,2067.3,2067.3,1981.2,2027.9,1965.68,5051224
HDFC.NS,2020-03-06,2145.0,2145.0,2092.8,2109.45,2044.73,5414446
HDFC.NS,2020-03-05,2206.0,2232.2,2183.0,2195.05,2127.7,3916762
HDFC.NS,2020-03-04,2207.0,2216.6,2180.2,2206.05,2138.37,4460096
HDFC.NS,2020-03-03,2201.7,2226.9,2173.3,2191.4,2124.17,4229070
HDFC.NS,2020-03-02,2215.0,2248.35,2153.8,2179.65,2112.78,3957634
HDFC.NS,2020-02-28,2228.55,2228.55,2162.3,2175.75,2109.0,7715143
HDFC.NS,2020-02-27,2279.8,2289.6,2244.55,2272.2,2202.49,3261885
HDFC.NS,2020-02-26,2278.0,2309.5,2253.55,2281.45,2211.45,6163133
HDFC.NS,2020-02-25,2309.0,2320.75,2285.0,2302.6,2231.95,3292922
HDFC.NS,2020-02-24,2355.0,2365.2,2280.1,2292.3,2221.97,4238039
HDFC.NS,2020-02-20,2364.0,2377.5,2349.05,2369.5,2296.8,3351611
HDFC.NS,2020-02-19,2343.0,2385.0,2330.05,2377.25,2304.31,2088724
HDFC.NS,2020-02-18,2349.0,2349.0,2304.0,2318.8,2247.66,2345063
HDFC.NS,2020-02-17,2401.75,2406.65,2345.15,2350.25,2278.14,2398556
HDFC.NS,2020-02-14,2402.0,2425.85,2389.4,2401.75,2328.06,2611510
HDFC.NS,2020-02-13,2426.0,2444.15,2399.0,2403.65,2329.9,2280271
HDFC.NS,2020-02-12,2449.5,2487.0,2427.9,2437.6,2362.81,4173099
HDFC.NS,2020-02-11,2424.45,2441.75,2420.2,2435.15,2360.44,1732762
HDFC.NS,2020-02-10,2405.0,2425.3,2391.05,2414.3,2340.23,2056525
HDFC.NS,2020-02-07,2428.1,2452.3,2398.35,2405.65,2331.84,2193190
HDFC.NS,2020-02-06,2390.0,2447.8,2369.65,2436.45,2361.7,3536393
HDFC.NS,2020-02-05,2345.55,2395.5,2326.2,2391.65,2318.27,3244383
HDFC.NS,2020-02-04,2265.6,2351.0,2265.6,2345.95,2273.97,3288687
HDFC.NS,2020-02-03,2250.0,2298.05,2228.2,2259.75,2190.42,5220749
HDFC.NS,2020-01-31,2417.0,2434.75,2404.5,2414.0,2339.94,2828509
HDFC.NS,2020-01-30,2413.0,2428.7,2386.9,2415.0,2340.91,2807667
HDFC.NS,2020-01-29,2446.0,2447.5,2400.0,2404.25,2330.48,2692713
HDFC.NS,2020-01-28,2413.0,2471.7,2410.0,2431.6,2357.0,6698252
HDFC.NS,2020-01-27,2433.0,2445.0,2388.5,2395.8,2322.29,2543177
HDFC.NS,2020-01-24,2423.0,2458.6,2411.4,2450.75,2375.56,2178412
HDFC.NS,2020-01-23,2422.0,2436.4,2404.35,2428.4,2353.89,1812646
HDFC.NS,2020-01-22,2474.0,2483.35,2412.2,2416.6,2342.46,3356004
HDFC.NS,2020-01-21,2443.0,2485.9,2432.0,2465.45,2389.81,2404025
HDFC.NS,2020-01-20,2474.0,2486.55,2440.4,2454.35,2379.05,2274456
HDFC.NS,2020-01-17,2467.75,2479.0,2448.25,2453.95,2378.66,2250437
HDFC.NS,2020-01-16,2486.0,2495.75,2471.8,2482.1,2405.95,1794295
HDFC.NS,2020-01-15,2483.95,2495.0,2453.55,2488.6,2412.25,2279961
HDFC.NS,2020-01-14,2463.65,2499.9,2446.6,2492.3,2415.83,2549328
HDFC.NS,2020-01-13,2461.1,2471.05,2441.0,2462.55,2387.0,3401754
HDFC.NS,2020-01-10,2465.0,2477.65,2440.3,2457.55,2382.15,2082060
HDFC.NS,2020-01-09,2430.0,2462.7,2421.15,2457.4,2382.0,3247323
HDFC.NS,2020-01-08,2387.0,2413.0,2385.5,2406.15,2332.33,2147334
HDFC.NS,2020-01-07,2401.25,2428.8,2380.2,2415.05,2340.95,3771992
HDFC.NS,2020-01-06,2428.0,2445.0,2371.4,2384.1,2310.95,2656731
HDFC.NS,2020-01-03,2455.0,2466.4,2441.8,2454.45,2379.14,1963923
HDFC.NS,2020-01-02,2430.0,2472.75,2422.0,2466.4,2390.73,1701396
HDFC.NS,2020-01-01,2418.0,2438.5,2409.0,2433.95,2359.27,945874
HDFC.NS,2019-12-31,2433.0,2435.0,2406.55,2412.55,2338.53,2260375
HDFC.NS,2019-12-30,2449.0,2450.0,2421.5,2438.25,2363.44,1920751
HDFC.NS,2019-12-27,2427.0,2449.55,2418.55,2444.15,2369.16,2080901
HDFC.NS,2019-12-26,2412.75,2433.35,2404.3,2414.1,2340.03,1480323
HDFC.NS,2019-12-24,2420.6,2444.95,2402.95,2412.75,2338.72,2813782
HDFC.NS,2019-12-23,2404.0,2433.8,2390.0,2422.65,2348.32,1976677
HDFC.NS,2019-12-20,2415.0,2425.0,2378.15,2404.1,2330.34,5053198
HDFC.NS,2019-12-19,2432.1,2438.5,2405.65,2411.9,2337.9,4116736
HDFC.NS,2019-12-18,2427.0,2459.3,2415.8,2445.15,2370.13,5100244
HDFC.NS,2019-12-17,2365.0,2436.55,2359.4,2430.1,2355.54,7277994
HDFC.NS,2019-12-16,2356.0,2384.0,2343.0,2375.25,2302.37,3510250
HDFC.NS,2019-12-13,2330.7,2365.95,2318.1,2354.5,2282.26,2557242
HDFC.NS,2019-12-12,2320.8,2327.0,2303.0,2318.45,2247.32,2503363
HDFC.NS,2019-12-11,2302.0,2328.25,2292.7,2321.65,2250.42,2582138
HDFC.NS,2019-12-10,2318.5,2332.9,2288.15,2295.15,2224.73,2693998
HDFC.NS,2019-12-09,2263.1,2315.45,2260.05,2311.4,2240.48,3361967
HDFC.NS,2019-12-06,2326.5,2335.0,2246.45,2264.65,2195.17,3440155
HDFC.NS,2019-12-05,2309.2,2333.55,2300.0,2327.55,2256.14,2623207
HDFC.NS,2019-12-04,2311.2,2328.7,2286.4,2322.4,2251.15,3205622
HDFC.NS,2019-12-03,2310.95,2325.0,2287.05,2319.7,2248.53,2402354
HDFC.NS,2019-12-02,2316.0,2316.0,2263.9,2306.6,2235.83,4044191
HDFC.NS,2019-11-29,2309.75,2316.35,2280.1,2297.25,2226.77,3027045
HDFC.NS,2019-11-28,2339.0,2346.0,2295.0,2309.75,2238.88,3668406
HDFC.NS,2019-11-27,2316.0,2352.0,2308.4,2336.3,2264.62,5748946
HDFC.NS,2019-11-26,2300.0,2320.0,2280.95,2304.65,2233.94,8808006
HDFC.NS,2019-11-25,2244.75,2297.0,2227.4,2294.55,2224.15,4535037
HDFC.NS,2019-11-22,2203.0,2240.0,2199.3,2237.3,2168.66,2186207
HDFC.NS,2019-11-21,2202.0,2216.0,2186.2,2210.35,2142.53,2679074
HDFC.NS,2019-11-20,2215.0,2221.0,2193.75,2200.95,2133.42,1772677
HDFC.NS,2019-11-19,2235.6,2238.75,2202.2,2212.1,2144.23,2916866
HDFC.NS,2019-11-18,2222.5,2240.85,2210.0,2236.3,2167.69,2249585
HDFC.NS,2019-11-15,2220.1,2238.75,2208.0,2224.05,2155.81,3346325
HDFC.NS,2019-11-14,2207.9,2232.85,2190.2,2226.8,2158.48,1953996
HDFC.NS,2019-11-13,2227.95,2231.95,2195.45,2207.45,2139.72,2791867
HDFC.NS,2019-11-11,2228.0,2239.8,2216.0,2234.55,2165.99,1834680
HDFC.NS,2019-11-08,2242.95,2252.5,2211.0,2233.2,2164.68,3315622
HDFC.NS,2019-11-07,2247.4,2264.8,2236.2,2251.0,2181.94,5582130
HDFC.NS,2019-11-06,2188.0,2228.0,2162.0,2220.6,2152.47,4225289
HDFC.NS,2019-11-05,2207.1,2209.8,2164.7,2181.3,2114.38,5525743
HDFC.NS,2019-11-04,2140.9,2195.0,2121.1,2181.3,2114.38,6580464
HDFC.NS,2019-11-01,2135.9,2167.25,2120.1,2128.6,2063.29,3431044
HDFC.NS,2019-10-31,2115.0,2146.8,2103.65,2131.9,2066.49,3273126
HDFC.NS,2019-10-30,2134.95,2134.95,2102.6,2107.45,2042.79,2347585
HDFC.NS,2019-10-29,2095.0,2123.55,2079.05,2113.05,2048.22,2732339
HDFC.NS,2019-10-27,2114.95,2120.0,2096.8,2105.35,2040.76,280874
HDFC.NS,2019-10-25,2149.0,2153.45,2085.25,2101.55,2037.07,3099190
HDFC.NS,2019-10-24,2150.0,2174.2,2141.35,2144.95,2079.14,4061508
HDFC.NS,2019-10-23,2116.0,2148.0,2104.7,2142.95,2077.2,2487332
HDFC.NS,2019-10-22,2115.0,2140.5,2096.0,2114.9,2050.01,3460577
HDFC.NS,2019-10-18,2089.0,2102.0,2065.1,2094.45,2030.19,2760381
HDFC.NS,2019-10-17,2056.95,2095.0,2050.1,2089.75,2025.63,4562240
HDFC.NS,2019-10-16,2020.0,2056.0,2015.0,2048.7,1985.84,3766098
HDFC.NS,2019-10-15,2019.0,2030.4,2009.2,2013.3,1951.53,2109065
HDFC.NS,2019-10-14,2017.0,2031.85,2000.0,2014.75,1952.94,2903479
HDFC.NS,2019-10-11,1997.95,2025.5,1980.25,2010.15,1948.48,2882644
HDFC.NS,2019-10-10,2000.0,2000.0,1971.0,1987.95,1926.96,2627395
HDFC.NS,2019-10-09,1974.85,2005.0,1964.35,2002.0,1940.58,5119327
HDFC.NS,2019-10-07,1988.5,1996.8,1963.05,1969.3,1908.88,2730663
HDFC.NS,2019-10-04,1992.0,2016.9,1972.6,1978.3,1917.6,7413858
HDFC.NS,2019-10-03,1990.0,1999.0,1951.25,1974.55,1913.97,4882403
HDFC.NS,2019-10-01,1988.0,2028.95,1962.95,1995.65,1934.42,9472004
HDFC.NS,2019-09-30,2035.9,2038.5,1970.05,1977.05,1916.39,7117561
HDFC.NS,2019-09-27,2061.25,2096.7,2025.6,2035.9,1973.44,4896678
HDFC.NS,2019-09-26,2070.1,2088.0,2053.8,2063.2,1999.9,7669665
HDFC.NS,2019-09-25,2127.05,2127.05,2050.25,2069.95,2006.44,6966228
HDFC.NS,2019-09-24,2159.9,2185.0,2114.25,2130.0,2064.65,4763968
HDFC.NS,2019-09-23,2085.0,2194.8,2080.0,2162.0,2095.67,9653408
HDFC.NS,2019-09-20,1983.9,2065.0,1960.0,2049.3,1986.43,18203636
HDFC.NS,2019-09-19,1988.3,2002.3,1964.1,1974.6,1914.02,4138284
HDFC.NS,2019-09-18,2010.0,2012.4,1982.4,1988.3,1927.3,4245697
HDFC.NS,2019-09-17,2041.9,2045.5,1976.2,1996.25,1935.0,5897097
HDFC.NS,2019-09-16,2080.0,2083.0,2038.0,2046.75,1983.95,3750174
HDFC.NS,2019-09-13,2079.0,2092.05,2063.7,2083.85,2019.92,3133152
HDFC.NS,2019-09-12,2085.45,2113.85,2076.85,2082.75,2018.85,3303127
HDFC.NS,2019-09-11,2072.0,2086.55,2053.1,2071.85,2008.28,4003713
HDFC.NS,2019-09-09,2044.45,2069.95,2029.0,2064.25,2000.92,2738878
HDFC.NS,2019-09-06,2056.45,2056.45,2023.0,2041.45,1978.82,4227171
HDFC.NS,2019-09-05,2100.0,2100.0,2040.0,2044.15,1981.43,3847628
HDFC.NS,2019-09-04,2091.65,2113.1,2072.7,2100.1,2035.67,3621927
HDFC.NS,2019-09-03,2141.0,2144.7,2083.0,2089.9,2025.78,4009112
HDFC.NS,2019-08-30,2137.7,2171.25,2118.0,2166.45,2099.98,5191150
HDFC.NS,2019-08-29,2176.0,2179.0,2120.4,2128.45,2063.15,5158203
HDFC.NS,2019-08-28,2174.0,2193.6,2155.75,2187.15,2120.05,3291574
HDFC.NS,2019-08-27,2158.0,2186.75,2144.7,2174.3,2107.59,7685979
HDFC.NS,2019-08-26,2088.0,2152.95,2060.0,2148.35,2082.44,5267345
HDFC.NS,2019-08-23,1999.0,2058.05,1973.0,2043.75,1981.05,3421089
HDFC.NS,2019-08-22,2066.0,2073.5,2007.95,2014.1,1952.31,2424936
HDFC.NS,2019-08-21,2096.0,2099.95,2062.95,2066.9,2003.48,2095800
HDFC.NS,2019-08-20,2112.35,2114.9,2075.0,2090.1,2025.97,2966933
HDFC.NS,2019-08-19,2114.45,2135.0,2098.1,2114.05,2049.19,2233119
HDFC.NS,2019-08-16,2160.0,2162.0,2092.5,2100.0,2035.57,7231763
HDFC.NS,2019-08-14,2129.0,2146.0,2105.25,2117.7,2052.73,2683820
HDFC.NS,2019-08-13,2196.1,2209.65,2092.45,2100.1,2035.67,3358448
HDFC.NS,2019-08-09,2192.7,2240.0,2178.75,2211.65,2143.79,4238315
HDFC.NS,2019-08-08,2183.9,2187.7,2152.0,2182.3,2115.34,3525820
HDFC.NS,2019-08-07,2189.8,2198.95,2161.7,2175.2,2108.46,3206138
HDFC.NS,2019-08-06,2146.05,2217.65,2136.55,2189.9,2122.71,5044712
HDFC.NS,2019-08-05,2115.0,2159.45,2107.75,2152.35,2086.31,6285106
HDFC.NS,2019-08-02,2075.25,2148.65,2039.35,2124.8,2059.61,5907182
HDFC.NS,2019-08-01,2115.2,2115.9,2063.8,2086.8,2022.77,3634666
HDFC.NS,2019-07-31,2110.25,2131.95,2107.7,2121.8,2056.7,3563574
HDFC.NS,2019-07-30,2150.0,2158.3,2113.35,2127.25,2061.98,3091291
HDFC.NS,2019-07-29,2162.8,2174.95,2110.0,2149.0,2083.07,1897861
HDFC.NS,2019-07-26,2193.75,2197.8,2159.4,2165.75,2099.3,1920114
HDFC.NS,2019-07-25,2184.1,2215.2,2161.3,2195.35,2127.99,3194769
HDFC.NS,2019-07-24,2140.0,2188.85,2140.0,2184.25,2117.23,3133303
HDFC.NS,2019-07-23,2181.4,2189.75,2126.05,2138.5,2072.89,4659229
HDFC.NS,2019-07-22,2287.0,2298.0,2180.2,2186.9,2119.8,3007548
HDFC.NS,2019-07-19,2332.0,2339.0,2292.8,2303.55,2215.91,3581265
HDFC.NS,2019-07-18,2287.95,2357.85,2285.55,2345.15,2239.09,4047413
HDFC.NS,2019-07-17,2277.0,2289.45,2277.0,2286.7,2183.29,1692841
HDFC.NS,2019-07-16,2270.0,2284.8,2256.95,2277.55,2174.55,2002416
HDFC.NS,2019-07-15,2255.9,2271.0,2236.4,2265.35,2162.9,1570180
HDFC.NS,2019-07-12,2270.0,2282.0,2250.75,2257.8,2155.69,2647206
HDFC.NS,2019-07-11,2240.0,2269.3,2231.1,2261.9,2159.61,1397362
HDFC.NS,2019-07-10,2232.0,2253.4,2220.0,2227.75,2127.0,1544391
HDFC.NS,2019-07-09,2248.85,2248.85,2197.25,2232.8,2131.83,2899589
HDFC.NS,2019-07-08,2269.9,2275.55,2243.3,2259.95,2157.75,2638029
HDFC.NS,2019-07-05,2281.25,2300.7,2266.6,2278.9,2175.84,1901409
HDFC.NS,2019-07-04,2277.0,2286.3,2265.1,2280.25,2177.13,1597337
HDFC.NS,2019-07-03,2280.0,2287.0,2257.2,2277.2,2174.22,2146370
HDFC.NS,2019-07-02,2256.8,2285.0,2240.0,2281.25,2178.08,2729953
HDFC.NS,2019-07-01,2197.0,2252.95,2192.3,2245.9,2144.33,2090173
HDFC.NS,2019-06-28,2196.0,2205.0,2177.65,2192.1,2092.97,2859385
HDFC.NS,2019-06-27,2166.5,2202.55,2166.05,2195.45,2096.16,3972522
HDFC.NS,2019-06-26,2165.0,2180.6,2153.7,2168.1,2070.05,2131272
HDFC.NS,2019-06-25,2147.9,2176.8,2138.1,2172.8,2074.54,1889368
HDFC.NS,2019-06-24,2136.1,2159.0,2133.5,2148.9,2051.72,2038683
HDFC.NS,2019-06-21,2200.8,2201.2,2135.9,2140.8,2043.99,7764514
HDFC.NS,2019-06-20,2174.1,2207.7,2165.65,2199.25,2099.79,2933451
HDFC.NS,2019-06-19,2160.05,2186.4,2158.55,2175.4,2077.02,2146689
HDFC.NS,2019-06-18,2178.9,2194.6,2134.65,2153.0,2055.63,3405935
HDFC.NS,2019-06-17,2193.0,2193.0,2164.0,2173.0,2074.73,2058409
HDFC.NS,2019-06-14,2204.5,2207.55,2177.15,2185.85,2087.0,2162503
HDFC.NS,2019-06-13,2180.0,2200.8,2161.35,2197.5,2098.12,2691171
HDFC.NS,2019-06-12,2187.5,2188.1,2162.0,2181.95,2083.27,2223012
HDFC.NS,2019-06-11,2202.25,2204.0,2181.0,2189.85,2090.82,2393325
HDFC.NS,2019-06-10,2215.25,2224.8,2175.45,2194.05,2094.83,2484187
HDFC.NS,2019-06-07,2190.0,2217.75,2168.4,2210.85,2110.87,1951213
HDFC.NS,2019-06-06,2230.0,2231.0,2171.65,2183.45,2084.71,3888312
HDFC.NS,2019-06-04,2220.0,2233.9,2209.0,2223.95,2123.38,2430870
HDFC.NS,2019-06-03,2200.0,2235.0,2192.7,2230.45,2129.58,3673925
HDFC.NS,2019-05-31,2190.0,2197.0,2140.05,2182.65,2083.94,5769576
HDFC.NS,2019-05-30,2141.4,2189.45,2130.0,2184.4,2085.61,3766742
HDFC.NS,2019-05-29,2150.1,2170.0,2135.0,2147.45,2050.34,3085215
HDFC.NS,2019-05-28,2167.0,2169.75,2114.0,2147.85,2050.72,7177003
HDFC.NS,2019-05-27,2129.95,2187.5,2116.2,2165.3,2067.38,3886480
HDFC.NS,2019-05-24,2125.0,2151.9,2095.0,2123.4,2027.37,3307188
HDFC.NS,2019-05-23,2174.0,2210.0,2103.3,2114.4,2018.78,7619751
HDFC.NS,2019-05-22,2124.0,2155.2,2119.0,2138.8,2042.08,3076404
HDFC.NS,2019-05-21,2141.2,2178.9,2104.1,2114.5,2018.88,5575430
HDFC.NS,2019-05-20,2030.5,2135.5,2030.0,2122.5,2026.51,6214064
HDFC.NS,2019-05-17,1941.0,1997.95,1938.55,1993.65,1903.49,2328374
HDFC.NS,2019-05-16,1954.0,1954.0,1923.3,1942.1,1854.27,2527762
HDFC.NS,2019-05-15,1975.0,1979.95,1937.5,1944.95,1856.99,2371807
HDFC.NS,2019-05-14,1961.0,1989.8,1924.25,1965.2,1876.33,4304854
HDFC.NS,2019-05-13,1926.1,1984.4,1917.85,1952.9,1864.58,4509527
HDFC.NS,2019-05-10,1915.25,1956.0,1910.75,1931.7,1844.34,1628923
HDFC.NS,2019-05-09,1926.0,1931.6,1901.3,1914.6,1828.02,1932792
HDFC.NS,2019-05-08,1964.5,1964.5,1925.05,1930.75,1843.43,3626183
HDFC.NS,2019-05-07,1974.8,2009.15,1959.2,1966.3,1877.38,2683956
HDFC.NS,2019-05-06,1987.25,1993.95,1957.0,1965.45,1876.57,2216418
HDFC.NS,2019-05-03,2017.5,2037.6,2000.0,2006.4,1915.66,1451357
HDFC.NS,2019-05-02,1995.0,2027.9,1989.25,2017.4,1926.17,2380823
HDFC.NS,2019-04-30,1977.4,1999.85,1954.2,1995.05,1904.83,3675345
HDFC.NS,2019-04-26,1959.3,1982.15,1941.6,1977.4,1887.98,2094836
HDFC.NS,2019-04-25,1987.55,1998.8,1946.55,1955.15,1866.73,4162465
HDFC.NS,2019-04-24,1943.9,1985.0,1933.25,1980.4,1890.84,2758373
HDFC.NS,2019-04-23,1958.0,1966.25,1929.6,1934.7,1847.21,2848980
HDFC.NS,2019-04-22,2005.0,2010.0,1948.0,1953.9,1865.54,2002662
HDFC.NS,2019-04-18,2040.0,2047.9,1998.15,2003.75,1913.13,3888701
HDFC.NS,2019-04-16,2019.7,2034.3,2016.1,2026.7,1935.05,2000314
HDFC.NS,2019-04-15,2034.9,2034.9,2010.0,2014.25,1923.16,1333222
HDFC.NS,2019-04-12,2024.0,2029.9,2008.1,2024.95,1933.37,2121821
HDFC.NS,2019-04-11,2028.0,2048.0,2017.5,2022.8,1931.32,2521729
HDFC.NS,2019-04-10,2067.5,2068.0,2025.1,2029.25,1937.48,3036356
HDFC.NS,2019-04-09,2062.5,2073.0,2039.15,2069.15,1975.58,2381281
HDFC.NS,2019-04-08,2068.0,2072.5,2029.25,2054.9,1961.97,2057768
HDFC.NS,2019-04-05,2045.0,2065.0,2035.0,2059.2,1966.08,2576789
HDFC.NS,2019-04-04,2008.0,2058.8,2006.3,2042.05,1949.7,4463212
HDFC.NS,2019-04-03,2004.0,2032.45,1997.15,2013.1,1922.06,4345772
HDFC.NS,2019-04-02,1966.1,2001.0,1955.0,1995.95,1905.69,3655232
HDFC.NS,2019-04-01,1968.1,1975.0,1945.05,1959.65,1871.03,3328552
HDFC.NS,2019-03-28,1917.0,1950.0,1912.05,1944.45,1856.52,6370987
HDFC.NS,2019-03-27,1955.55,1959.0,1906.0,1919.9,1833.08,3076446
HDFC.NS,2019-03-26,1950.4,1953.35,1930.85,1946.3,1858.28,2621669
HDFC.NS,2019-03-25,1976.9,1976.9,1938.2,1945.65,1857.66,3270882
HDFC.NS,2019-03-22,1998.0,2010.0,1970.6,1981.55,1891.94,3560396
HDFC.NS,2019-03-20,1975.0,1998.0,1968.1,1987.55,1897.67,3654200
HDFC.NS,2019-03-19,1972.9,1978.55,1962.1,1967.85,1878.86,2827631
HDFC.NS,2019-03-18,1982.0,1994.95,1953.1,1962.4,1873.65,2563905
HDFC.NS,2019-03-15,1960.0,1991.7,1955.9,1974.65,1885.35,5984639
HDFC.NS,2019-03-14,1971.8,1975.1,1949.3,1956.95,1865.11,3985679
HDFC.NS,2019-03-13,1939.0,1964.4,1923.4,1950.65,1859.1,3570861
HDFC.NS,2019-03-12,1914.9,1936.65,1900.1,1930.0,1839.42,3692761
HDFC.NS,2019-03-11,1886.35,1903.8,1884.0,1897.55,1808.5,3170249
HDFC.NS,2019-03-08,1879.0,1888.0,1871.1,1884.05,1795.63,1845737
HDFC.NS,2019-03-07,1892.0,1892.0,1865.2,1880.2,1791.96,2171462
HDFC.NS,2019-03-06,1864.7,1889.5,1858.8,1885.2,1796.73,1828916
HDFC.NS,2019-03-05,1856.8,1868.4,1838.55,1860.0,1772.71,2256049
HDFC.NS,2019-03-01,1850.4,1863.4,1838.3,1859.45,1772.18,2679223
HDFC.NS,2019-02-28,1849.0,1853.65,1834.6,1841.2,1754.79,5693899
HDFC.NS,2019-02-27,1868.0,1870.0,1820.0,1841.0,1754.6,3412510
HDFC.NS,2019-02-26,1874.0,1894.65,1850.0,1853.65,1766.66,3756159
HDFC.NS,2019-02-25,1897.9,1897.9,1871.5,1894.5,1805.59,2049742
HDFC.NS,2019-02-22,1893.95,1899.0,1877.5,1887.4,1798.82,2461406
HDFC.NS,2019-02-21,1871.0,1894.7,1865.1,1891.45,1802.68,1578842
HDFC.NS,2019-02-20,1865.0,1874.95,1858.0,1870.5,1782.72,2645051
HDFC.NS,2019-02-19,1870.0,1888.5,1844.25,1853.45,1766.47,2988645
HDFC.NS,2019-02-18,1877.3,1893.0,1864.05,1874.85,1786.86,2768637
HDFC.NS,2019-02-15,1900.6,1900.6,1856.5,1874.9,1786.91,2647706
HDFC.NS,2019-02-14,1921.0,1929.25,1893.85,1900.7,1811.5,2511047
HDFC.NS,2019-02-12,1950.0,1956.4,1901.15,1905.05,1815.64,2642567
HDFC.NS,2019-02-11,1943.9,1959.0,1935.6,1948.2,1856.77,2209258
HDFC.NS,2019-02-08,1963.1,1968.6,1936.85,1944.65,1853.39,2187808
HDFC.NS,2019-02-07,1990.05,1991.95,1962.55,1969.65,1877.21,2722458
HDFC.NS,2019-02-06,1983.6,1994.9,1975.5,1987.95,1894.65,2036890
HDFC.NS,2019-02-05,1979.8,1985.0,1962.25,1981.4,1888.41,1450509
HDFC.NS,2019-02-04,1959.9,1981.95,1942.0,1978.5,1885.65,1421635
HDFC.NS,2019-02-01,1929.0,1974.45,1925.1,1961.25,1869.21,4867443
HDFC.NS,2019-01-31,1883.0,1941.2,1877.3,1922.35,1832.13,5303839
HDFC.NS,2019-01-30,1924.6,1929.3,1869.5,1885.8,1797.3,4127767
HDFC.NS,2019-01-29,1943.7,1949.9,1893.3,1922.3,1832.08,4035877
HDFC.NS,2019-01-28,1978.7,1982.2,1938.1,1946.9,1855.53,2698966
HDFC.NS,2019-01-25,1964.4,1993.0,1963.95,1977.8,1884.98,2240491
HDFC.NS,2019-01-24,1960.0,1976.0,1942.15,1971.1,1878.59,2194496
HDFC.NS,2019-01-23,1981.8,1984.95,1951.3,1958.25,1866.35,2201110
HDFC.NS,2019-01-22,1999.0,2002.15,1968.5,1979.4,1886.5,3502920
HDFC.NS,2019-01-21,1998.0,2016.0,1983.2,2004.45,1910.38,2146668
HDFC.NS,2019-01-18,2004.0,2012.6,1989.25,2006.85,1912.67,1942136
HDFC.NS,2019-01-17,1982.75,2007.0,1979.05,2004.55,1910.47,2773741
HDFC.NS,2019-01-16,1989.0,1994.75,1965.5,1975.0,1882.31,1878811
HDFC.NS,2019-01-15,1975.2,1996.0,1964.0,1992.15,1898.66,2111042
HDFC.NS,2019-01-14,1983.0,1983.15,1949.6,1969.2,1876.78,2167796
HDFC.NS,2019-01-11,1978.0,2007.7,1972.4,1991.4,1897.94,1814132
HDFC.NS,2019-01-10,1993.0,1993.0,1971.3,1980.1,1887.17,2138302
HDFC.NS,2019-01-09,1962.0,1998.0,1962.0,1994.95,1901.33,2905090
HDFC.NS,2019-01-08,1983.0,1983.0,1948.0,1958.95,1867.01,2061919
HDFC.NS,2019-01-07,1976.95,1987.5,1963.95,1972.9,1880.31,2255477
HDFC.NS,2019-01-04,1948.0,1976.0,1942.0,1972.6,1880.02,2109614
HDFC.NS,2019-01-03,1984.05,1987.1,1931.85,1936.85,1845.95,3732193
HDFC.NS,2019-01-02,2004.7,2009.0,1961.0,1980.65,1887.7,2001170
HDFC.NS,2019-01-01,1968.0,2014.7,1954.5,2009.0,1914.72,1305443
