ticker,date,open,high,low,close,adj close,volume,Moving Average for 10 days,Moving Average for 20 days,Moving Average for 50 days,Daily Return
MARUTI.NS,2019-01-01,7449.75,7494.0,7395.0,7476.8,7261.91,625360.0,,,,
MARUTI.NS,2019-01-02,7445.0,7460.0,7244.0,7267.85,7058.96,891844.0,,,,-0.027947192956123135
MARUTI.NS,2019-01-03,7280.0,7350.0,7185.6,7203.95,6996.9,715168.0,,,,-0.008791663361175095
MARUTI.NS,2019-01-04,7239.0,7309.0,7161.2,7234.5,7026.57,774445.0,,,,0.0042404493418513045
MARUTI.NS,2019-01-07,7310.0,7407.0,7300.0,7362.05,7150.46,687845.0,,,,0.01763164673517803
MARUTI.NS,2019-01-08,7380.0,7454.8,7322.1,7439.5,7225.68,516841.0,,,,0.010519602934636385
MARUTI.NS,2019-01-09,7460.5,7529.0,7414.0,7492.9,7277.54,740580.0,,,,0.007177179172064063
MARUTI.NS,2019-01-10,7500.0,7511.0,7360.15,7391.6,7179.16,452699.0,,,,-0.013518304262154501
MARUTI.NS,2019-01-11,7382.7,7400.0,7282.0,7320.5,7110.1,488399.0,,,,-0.009619509803375226
MARUTI.NS,2019-01-14,7330.0,7433.35,7257.0,7408.7,7195.76,424152.0,7148.303999999999,,,0.012047650525309095
MARUTI.NS,2019-01-15,7430.0,7470.0,7317.0,7355.15,7143.75,491196.0,7136.487999999999,,,-0.007227867521985232
MARUTI.NS,2019-01-16,7349.5,7384.0,7291.1,7310.25,7100.14,424769.0,7140.605999999998,,,-0.006104636920384876
MARUTI.NS,2019-01-17,7339.0,7398.95,7307.5,7336.25,7125.4,462725.0,7153.455999999998,,,0.0035576763275089185
MARUTI.NS,2019-01-18,7345.0,7379.95,7318.0,7357.95,7146.47,334555.0,7165.445999999999,,,0.002957026973924304
MARUTI.NS,2019-01-21,7358.0,7380.0,7161.0,7208.4,7001.22,654537.0,7150.521999999999,,,-0.02032471975674699
MARUTI.NS,2019-01-22,7180.0,7180.0,7054.5,7068.85,6865.68,896521.0,7114.522,,,-0.019359483061523575
MARUTI.NS,2019-01-23,7050.0,7132.25,7025.0,7045.4,6842.91,702474.0,7071.059000000001,,,-0.0033164959625267
MARUTI.NS,2019-01-24,7059.9,7098.0,7014.4,7040.6,6838.24,520703.0,7036.9670000000015,,,-0.0006824581939555152
MARUTI.NS,2019-01-25,7054.0,7133.0,6410.0,6513.4,6326.2,3062762.0,6958.577,,,-0.07487891621235876
MARUTI.NS,2019-01-28,6512.5,6610.0,6317.7,6511.05,6323.91,2398091.0,6871.392000000002,7009.848,,-0.00036198665865760926
MARUTI.NS,2019-01-29,6480.0,6619.15,6447.4,6526.95,6339.36,1101399.0,6790.953000000001,6963.7204999999985,,0.0024431087728953305
MARUTI.NS,2019-01-30,6559.0,6588.0,6508.0,6548.25,6360.04,583773.0,6716.943000000001,6928.7744999999995,,0.0032621589561092623
MARUTI.NS,2019-01-31,6575.0,6660.05,6460.05,6641.15,6450.27,926270.0,6649.430000000002,6901.442999999999,,0.014187017691712711
MARUTI.NS,2019-02-01,6679.0,7204.0,6652.55,6962.3,6762.19,2545419.0,6611.002000000002,6888.223999999999,,0.04835766564810462
MARUTI.NS,2019-02-04,6975.0,7039.0,6851.65,6988.2,6787.35,658776.0,6589.6150000000025,6870.068499999999,,0.0037206881202689335
MARUTI.NS,2019-02-05,6995.0,7125.0,6985.4,7093.6,6889.72,681498.0,6592.019000000003,6853.2705000000005,,0.015082469594171588
MARUTI.NS,2019-02-06,7120.0,7220.0,7067.0,7183.4,6976.94,567827.0,6605.422000000003,6838.2405,,0.01265944044170153
MARUTI.NS,2019-02-07,7201.0,7320.0,7185.1,7302.55,7092.67,690174.0,6630.8650000000025,6833.916,,0.016587501110802316
MARUTI.NS,2019-02-08,7270.0,7300.0,7100.0,7134.25,6929.2,576159.0,6691.165000000003,6824.871000000001,,-0.023047738016854002
MARUTI.NS,2019-02-11,7150.0,7209.95,7051.1,7177.9,6971.6,502244.0,6755.934000000003,6813.6630000000005,,0.006119032500144339
MARUTI.NS,2019-02-12,7193.0,7230.0,7127.95,7162.5,6956.64,494592.0,6817.662000000002,6804.307500000001,,-0.0021458488725687452
MARUTI.NS,2019-02-14,7036.7,7111.2,6990.0,7017.5,6815.81,622311.0,6863.239000000003,6790.091,,-0.020243968352537944
MARUTI.NS,2019-02-15,7027.4,7058.7,6900.0,6930.05,6730.87,768798.0,6891.299000000002,6770.364500000001,,-0.012462201851284105
MARUTI.NS,2019-02-18,6964.7,6997.8,6817.0,6842.7,6646.03,509963.0,6879.683000000002,6745.342500000001,,-0.012604611290962353
MARUTI.NS,2019-02-19,6855.0,6915.9,6771.0,6804.55,6608.98,493861.0,6861.8460000000005,6725.730500000001,,-0.005574756659238678
MARUTI.NS,2019-02-20,6842.0,6888.0,6804.4,6849.9,6653.02,534284.0,6838.176000000001,6715.097500000001,,0.006663660655653603
MARUTI.NS,2019-02-21,6868.95,6879.65,6715.0,6801.55,6606.06,722938.0,6801.088000000001,6703.255,,-0.007058448644374993
MARUTI.NS,2019-02-22,6827.0,6939.0,6819.05,6912.4,6713.73,764535.0,6763.194,6697.0295000000015,,0.016298671220061456
MARUTI.NS,2019-02-25,6948.0,6984.9,6870.05,6924.9,6725.87,495728.0,6742.861,6717.013000000001,,0.0018082347666648069
MARUTI.NS,2019-02-26,6885.0,6975.0,6812.6,6904.3,6705.86,673415.0,6716.286999999999,6736.1105,,-0.002975079803802405
MARUTI.NS,2019-02-27,6943.0,7048.0,6853.2,6968.5,6768.22,961829.0,6697.445,6757.5535,,0.009299329243378285
MARUTI.NS,2019-02-28,7010.0,7040.0,6801.0,6829.7,6633.41,1031563.0,6679.205,6771.222,,-0.019918087769014714
MARUTI.NS,2019-03-01,6876.8,6950.0,6827.25,6935.15,6735.82,768822.0,6679.7,6785.499500000001,,0.015438515032238254
MARUTI.NS,2019-03-05,6950.0,7158.15,6894.45,7117.75,6913.18,838538.0,6706.414999999999,6793.049000000001,,0.026330869886665775
MARUTI.NS,2019-03-06,7137.85,7144.9,7010.0,7056.9,6854.08,557197.0,6730.925,6796.385499999999,,-0.008548887776681724
MARUTI.NS,2019-03-07,7078.0,7092.5,7002.0,7029.05,6827.03,396771.0,6748.325999999999,6793.250999999999,,-0.0039465544609925685
MARUTI.NS,2019-03-08,6975.0,7025.0,6951.0,6967.7,6767.44,486432.0,6764.464,6782.776,,-0.00872853935020057
MARUTI.NS,2019-03-11,6980.0,7121.6,6975.0,7081.9,6878.36,720905.0,6780.927000000001,6772.060499999998,,0.016390245055737385
MARUTI.NS,2019-03-12,7097.0,7232.0,7096.0,7157.2,6951.49,828847.0,6803.489000000001,6773.174999999997,,0.010631894812135556
MARUTI.NS,2019-03-13,7177.0,7202.95,7050.0,7091.05,6887.24,534982.0,6821.627000000002,6768.956999999997,6862.7088,-0.009242622804607303
MARUTI.NS,2019-03-14,7103.0,7148.0,7047.25,7086.3,6882.63,584482.0,6833.068000000002,6765.256499999996,6855.123200000001,-0.00066935376144861
MARUTI.NS,2019-03-15,7109.0,7157.0,7060.0,7084.0,6880.4,861945.0,6857.767000000002,6768.485999999995,6851.552000000001,-0.0003240040507771491
MARUTI.NS,2019-03-18,7077.45,7077.45,6776.6,6894.0,6695.86,1336134.0,6853.7710000000025,6766.735499999995,6845.5312,-0.02682111505145046
MARUTI.NS,2019-03-19,6900.0,6901.95,6809.25,6825.2,6629.04,816763.0,6825.357000000001,6765.885999999996,6837.580599999999,-0.009979300642486533
MARUTI.NS,2019-03-20,6860.0,6860.0,6650.0,6673.55,6481.74,1017560.0,6788.123000000001,6759.523999999995,6824.206199999999,-0.022220412005358292
MARUTI.NS,2019-03-22,6567.0,6716.3,6532.35,6552.7,6364.37,1715983.0,6741.857000000001,6745.091499999995,6806.979999999999,-0.01810779204349444
MARUTI.NS,2019-03-25,6515.0,6621.0,6491.2,6522.6,6335.13,1093184.0,6698.626000000001,6731.5449999999955,6788.131799999999,-0.004594327482531635
MARUTI.NS,2019-03-26,6558.0,6600.0,6480.0,6585.7,6396.42,909087.0,6650.432000000001,6715.679499999996,6772.477,0.009674623883014322
MARUTI.NS,2019-03-27,6628.0,6640.0,6500.0,6518.0,6330.66,887601.0,6588.349,6695.918999999996,6756.888199999999,-0.010280750794975924
MARUTI.NS,2019-03-28,6535.0,6625.0,6501.2,6596.25,6406.67,949713.0,6540.292,6680.959499999997,6741.106399999999,0.01200664701626697
MARUTI.NS,2019-04-01,6730.8,6870.0,6700.0,6840.7,6644.09,1142386.0,6516.438000000001,6674.752999999997,6731.1132,0.03705825335158508
MARUTI.NS,2019-04-02,6859.45,6900.7,6785.5,6889.7,6691.68,866805.0,6497.566000000001,6677.666499999997,6722.9439999999995,0.007162756675481496
MARUTI.NS,2019-04-03,6896.0,7098.0,6896.0,7072.9,6869.62,1491021.0,6514.942000000001,6684.356499999996,6717.8283999999985,0.026591229706142583
MARUTI.NS,2019-04-04,7120.0,7170.0,7061.65,7113.1,6908.66,1388375.0,6542.904000000001,6684.130499999997,6713.072199999999,0.005682992654615582
MARUTI.NS,2019-04-05,7095.0,7143.95,7050.0,7107.7,6903.42,729603.0,6585.072000000002,6686.597499999998,6711.116199999999,-0.0007584683571053574
MARUTI.NS,2019-04-08,7107.0,7150.0,7044.7,7129.45,6924.54,498374.0,6641.089000000002,6691.472999999998,6712.293399999999,0.003059353190157932
MARUTI.NS,2019-04-09,7134.0,7235.0,7080.0,7216.55,7009.14,741669.0,6708.490000000001,6703.557999999999,6715.6179999999995,0.01221741805231824
MARUTI.NS,2019-04-10,7218.95,7218.95,7144.6,7186.35,6979.81,590107.0,6766.829000000001,6708.630499999999,6718.4493999999995,-0.0041845361913158685
MARUTI.NS,2019-04-11,7186.95,7220.0,7150.0,7187.85,6981.26,609539.0,6831.889,6710.119000000001,6731.5506,0.0002077420445540934
MARUTI.NS,2019-04-12,7188.9,7357.0,7161.05,7342.85,7131.81,929935.0,6904.403,6722.347500000001,6747.7086,0.02156487510850469
MARUTI.NS,2019-04-15,7351.05,7389.95,7295.0,7352.5,7141.18,585205.0,6954.111999999999,6735.275,6763.745,0.0013138319725287673
MARUTI.NS,2019-04-16,7369.9,7475.0,7350.0,7458.55,7244.18,707823.0,7009.361999999999,6753.464,6781.4278,0.014423386611176259
MARUTI.NS,2019-04-18,7533.1,7539.35,7434.05,7447.45,7233.4,713163.0,7045.74,6780.341,6797.0904,-0.0014880911297069366
MARUTI.NS,2019-04-22,7422.0,7424.9,7300.0,7321.25,7110.83,479609.0,7065.956999999999,6804.4304999999995,6804.0632000000005,-0.016945005115160172
MARUTI.NS,2019-04-23,7327.0,7388.9,7006.0,7048.9,6846.31,952628.0,7060.245999999999,6822.659,6805.242400000001,-0.03719959554651142
MARUTI.NS,2019-04-24,7065.0,7101.95,6910.0,7016.7,6815.03,1063510.0,7049.295,6845.192,6803.748600000003,-0.00456888455240867
MARUTI.NS,2019-04-25,7014.75,7144.95,6865.0,6905.25,6706.78,3075510.0,7019.058999999999,6863.7744999999995,6798.345400000003,-0.015884009314705905
MARUTI.NS,2019-04-26,6805.0,6886.85,6750.0,6842.85,6646.18,1999920.0,6985.695999999999,6876.262499999999,6789.415600000003,-0.009035632598653809
MARUTI.NS,2019-04-30,6700.0,6750.0,6630.0,6666.4,6474.8,1640025.0,6935.05,6883.469499999997,6780.327600000002,-0.025786241118958553
MARUTI.NS,2019-05-02,6550.0,6709.95,6525.0,6683.25,6491.16,1337101.0,6870.985000000001,6887.693999999998,6770.718800000002,0.002526718972014619
MARUTI.NS,2019-05-03,6675.0,6780.0,6675.0,6710.0,6517.15,795679.0,6808.582,6881.346999999997,6761.929000000003,0.00400390685177987
MARUTI.NS,2019-05-06,6659.0,6732.0,6639.3,6709.65,6516.81,480317.0,6735.845000000001,6872.603499999997,6755.949000000002,-5.2170043653987364e-05
MARUTI.NS,2019-05-07,6744.9,6785.25,6680.0,6702.0,6509.38,586684.0,6663.443000000002,6854.591499999998,6751.5192000000025,-0.0011401283756931058
MARUTI.NS,2019-05-08,6679.0,6693.0,6616.0,6650.15,6459.02,552749.0,6598.262000000002,6832.109499999997,6747.779000000002,-0.007736527902810986
MARUTI.NS,2019-05-09,6637.0,6678.0,6600.0,6624.95,6434.54,570000.0,6557.085000000002,6808.665499999997,6744.290200000002,-0.0037900486451505344
MARUTI.NS,2019-05-10,6623.0,6664.9,6575.0,6631.6,6441.0,608669.0,6519.6820000000025,6784.488499999997,6740.0498000000025,0.001003956770802672
MARUTI.NS,2019-05-13,6626.0,6659.3,6500.0,6543.75,6355.67,555672.0,6484.571000000002,6751.814999999997,6735.042000000002,-0.013247942866014606
MARUTI.NS,2019-05-14,6511.0,6612.0,6450.0,6576.2,6387.19,843313.0,6458.672000000002,6722.183999999997,6728.511200000003,0.0049593512564369835
MARUTI.NS,2019-05-15,6590.0,6640.0,6463.3,6493.75,6307.11,612357.0,6441.903000000001,6688.476499999995,6720.136000000002,-0.012537594779550965
MARUTI.NS,2019-05-16,6506.0,6527.3,6441.4,6479.65,6293.42,555991.0,6422.129000000001,6646.556999999996,6711.887200000002,-0.0021705662339802645
MARUTI.NS,2019-05-17,6497.0,6790.0,6485.0,6706.85,6514.09,782196.0,6421.823,6615.202499999997,6706.804600000003,0.03506360611559378
MARUTI.NS,2019-05-20,6875.0,7150.0,6860.0,7084.6,6880.98,1286198.0,6458.240000000001,6597.042499999998,6711.756000000003,0.05632252547938377
MARUTI.NS,2019-05-21,7105.0,7137.75,6818.0,6875.35,6677.74,973836.0,6475.076000000002,6569.259499999997,6710.594400000003,-0.029536490441768426
MARUTI.NS,2019-05-22,6877.2,6930.55,6841.0,6899.8,6701.49,645280.0,6499.323000000001,6548.792499999997,6706.360600000003,0.003556592499857736
MARUTI.NS,2019-05-23,6996.0,7049.1,6830.0,6929.25,6730.09,1364516.0,6528.878000000001,6542.981499999997,6703.880800000003,0.004267707629199036
MARUTI.NS,2019-05-24,6964.95,7120.0,6886.75,7093.15,6889.28,1002742.0,6573.706000000001,6546.693999999998,6705.125800000003,0.023653472687586552
MARUTI.NS,2019-05-27,7095.0,7193.9,6900.05,7068.45,6865.29,1022289.0,6624.668000000001,6554.619499999998,6707.082800000003,-0.0034822216545125073
MARUTI.NS,2019-05-28,7067.0,7130.0,7031.5,7054.65,6851.89,915732.0,6671.138000000001,6564.904999999999,6706.553400000003,-0.001951847627703951
MARUTI.NS,2019-05-29,7001.0,7009.0,6870.0,6891.45,6693.38,768022.0,6709.765000000001,6575.834,6701.391200000004,-0.023133763093102777
MARUTI.NS,2019-05-30,6890.0,6921.0,6825.0,6867.7,6670.31,850456.0,6747.454000000001,6584.791499999999,6697.052600000004,-0.0034466891167093117
MARUTI.NS,2019-05-31,6891.0,6961.3,6825.0,6869.85,6672.4,1084204.0,6763.285000000001,6592.553999999999,6692.848000000004,0.000313328765829457
MARUTI.NS,2019-06-03,6760.0,7055.0,6760.0,7022.9,6821.05,1157809.0,6757.292000000001,6607.765999999999,6691.661000000004,0.0222783406270608
MARUTI.NS,2019-06-04,7000.0,7099.0,6971.75,7051.8,6849.12,575281.0,6774.43,6624.752999999999,6694.726200000004,0.004115202204939106
MARUTI.NS,2019-06-06,7060.2,7099.0,6928.0,6988.7,6787.84,720856.0,6783.065,6641.193999999999,6697.902200000004,-0.00894713481439946
MARUTI.NS,2019-06-07,6990.0,6990.0,6862.65,6948.25,6748.55,470376.0,6784.911,6656.894499999998,6703.238400000005,-0.005788292004525686
MARUTI.NS,2019-06-10,6980.0,7043.3,6922.0,6969.95,6769.62,395116.0,6772.945,6673.325499999997,6711.343400000004,0.003122152166020742
MARUTI.NS,2019-06-11,6989.95,7018.2,6930.0,6978.3,6777.73,387309.0,6764.189,6694.428499999997,6720.195400000004,0.0011979992968584874
MARUTI.NS,2019-06-12,6963.8,6967.95,6825.05,6852.0,6655.06,494886.0,6744.505999999999,6707.821999999997,6725.368200000004,-0.018098980041990287
MARUTI.NS,2019-06-13,6843.0,6863.7,6766.3,6784.7,6589.7,561159.0,6734.137999999999,6721.951499999998,6730.5490000000045,-0.009821098532545203
MARUTI.NS,2019-06-14,6775.0,6839.0,6727.35,6747.4,6553.47,449930.0,6722.454,6734.953999999998,6733.485000000004,-0.005497974111112747
MARUTI.NS,2019-06-17,6749.4,6768.05,6560.5,6581.65,6392.48,567397.0,6694.4619999999995,6728.873499999999,6728.452800000004,-0.024565611805654197
MARUTI.NS,2019-06-18,6604.5,6649.0,6390.0,6439.0,6253.94,1048826.0,6637.750999999999,6697.521499999998,6719.698000000004,-0.021672339999499357
MARUTI.NS,2019-06-19,6485.0,6560.65,6380.0,6424.65,6240.0,715496.0,6576.839,6675.634499999998,6707.105600000004,-0.0022289948416517325
MARUTI.NS,2019-06-20,6390.0,6649.0,6340.25,6616.75,6426.58,992450.0,6540.713000000001,6661.888999999998,6697.4640000000045,0.02990064102564105
MARUTI.NS,2019-06-21,6549.0,6549.0,6370.2,6417.25,6232.81,1345890.0,6489.139,6637.024999999999,6684.051800000005,-0.030151340215168854
MARUTI.NS,2019-06-24,6411.0,6497.1,6322.85,6459.9,6274.23,911826.0,6439.599999999999,6606.272499999999,6671.045600000005,0.006645477721926252
MARUTI.NS,2019-06-25,6459.0,6540.0,6427.35,6522.5,6335.03,580392.0,6395.33,6579.759499999998,6657.5634000000055,0.009690432132708038
MARUTI.NS,2019-06-26,6519.0,6557.8,6460.1,6480.3,6294.05,572239.0,6359.229000000001,6551.8674999999985,6643.848200000005,-0.006468793360094538
MARUTI.NS,2019-06-27,6496.2,6575.0,6475.0,6486.7,6300.26,1022011.0,6330.285000000001,6532.211499999998,6630.228200000005,0.000986646118159129
MARUTI.NS,2019-06-28,6500.0,6550.0,6475.0,6534.65,6346.84,618701.0,6309.622,6516.037999999998,6614.5288000000055,0.007393345671448559
MARUTI.NS,2019-07-01,6600.0,6618.0,6490.0,6507.85,6320.81,754667.0,6302.455,6498.458499999998,6598.121400000006,-0.004101253537193261
MARUTI.NS,2019-07-02,6510.05,6588.8,6482.0,6560.0,6371.46,518084.0,6314.207,6475.9789999999975,6580.667000000007,0.008013213496371518
MARUTI.NS,2019-07-03,6582.0,6590.0,6515.05,6533.8,6346.01,517709.0,6324.808,6450.823499999997,6562.919200000007,-0.003994374915639365
MARUTI.NS,2019-07-04,6540.0,6588.0,6510.2,6544.45,6356.35,576449.0,6317.785000000001,6429.248999999998,6547.8296000000055,0.0016293702657259601
MARUTI.NS,2019-07-05,6547.2,6579.0,6300.0,6360.0,6177.21,866460.0,6312.225000000001,6400.681999999997,6534.447600000006,-0.028182840781265983
MARUTI.NS,2019-07-08,6280.1,6283.15,5985.65,6038.7,5865.14,1927495.0,6271.316000000002,6355.457999999997,6515.449800000006,-0.05051957113324623
MARUTI.NS,2019-07-09,6060.0,6070.0,5910.0,5945.45,5774.57,1337999.0,6215.270000000001,6305.299999999997,6496.805600000005,-0.015442086633908225
MARUTI.NS,2019-07-10,5959.0,5995.0,5900.0,5927.9,5757.52,809385.0,6161.617000000001,6260.422999999998,6479.0324000000055,-0.0029526007997130455
MARUTI.NS,2019-07-11,5974.0,6050.0,5930.0,6031.2,5857.86,779113.0,6117.377000000001,6223.830999999998,6466.693600000006,0.01742764245716888
MARUTI.NS,2019-07-12,6017.7,6090.0,5951.95,5971.45,5799.82,719883.0,6062.675000000001,6186.148499999998,6452.866800000006,-0.009908055160075535
MARUTI.NS,2019-07-15,5980.0,6096.0,5955.0,6079.7,5904.96,675004.0,6021.090000000002,6161.772499999999,6440.623000000006,0.018128148804618105
MARUTI.NS,2019-07-16,6079.95,6172.0,6056.0,6158.05,5981.06,627259.0,5982.050000000002,6148.128499999999,6429.908000000007,0.012887470871945084
MARUTI.NS,2019-07-17,6168.0,6174.0,6050.0,6075.7,5901.08,598778.0,5937.557000000002,6131.182499999999,6417.742000000007,-0.013372211614663732
MARUTI.NS,2019-07-18,6054.4,6055.7,5857.5,5882.35,5713.28,1097857.0,5873.250000000002,6095.517499999999,6402.827200000007,-0.03182468293939422
MARUTI.NS,2019-07-19,5885.0,5910.95,5710.1,5769.1,5603.29,1228672.0,5815.858000000002,6064.041499999998,6386.202200000007,-0.019251638288338757
MARUTI.NS,2019-07-22,5780.0,5940.0,5745.05,5912.5,5742.57,897510.0,5803.6010000000015,6037.458499999999,6372.233600000007,0.02485682518663146
MARUTI.NS,2019-07-23,5910.0,5972.4,5820.2,5873.75,5704.93,841517.0,5796.6370000000015,6005.953499999999,6359.218800000007,-0.006554556583550419
MARUTI.NS,2019-07-24,5865.0,5865.0,5725.3,5768.0,5602.22,800687.0,5781.107000000002,5971.361999999999,6343.5194000000065,-0.018003726601378167
MARUTI.NS,2019-07-25,5789.1,5844.95,5701.05,5756.75,5591.29,990461.0,5754.450000000003,5935.913499999999,6329.203000000006,-0.0019510122772758987
MARUTI.NS,2019-07-26,5728.0,5955.0,5683.9,5805.65,5638.79,2346714.0,5738.3470000000025,5900.510999999999,6316.110400000006,0.008495356170043156
MARUTI.NS,2019-07-29,5770.0,5770.0,5540.0,5561.25,5401.41,1548125.0,5687.992000000002,5854.540999999999,6293.856800000005,-0.042097684077612385
MARUTI.NS,2019-07-30,5562.0,5644.85,5492.0,5507.15,5348.87,1189163.0,5624.773000000003,5803.411499999998,6263.214600000006,-0.009727089778409748
MARUTI.NS,2019-07-31,5525.8,5582.3,5446.05,5469.7,5312.49,1053202.0,5565.9140000000025,5751.735499999999,6235.909600000005,-0.006801436565106345
MARUTI.NS,2019-08-01,5469.7,5615.0,5450.0,5572.6,5412.44,1134178.0,5535.830000000003,5704.539999999999,6210.1286000000055,0.018814153061935235
MARUTI.NS,2019-08-02,5539.6,5724.0,5485.0,5689.35,5525.83,1391678.0,5528.084000000003,5671.970999999999,6186.043400000006,0.020949885818595693
MARUTI.NS,2019-08-05,5600.0,5695.0,5452.0,5670.35,5507.38,1122496.0,5504.565000000002,5654.082999999999,6158.405400000005,-0.0033388649306981266
MARUTI.NS,2019-08-06,5640.0,5849.0,5640.0,5833.3,5665.64,1125521.0,5500.636000000002,5648.636499999999,6134.412400000006,0.028735986984736783
MARUTI.NS,2019-08-07,5833.95,5867.0,5735.7,5775.0,5609.02,955090.0,5501.316000000002,5641.211499999999,6109.555000000006,-0.009993575306584956
MARUTI.NS,2019-08-08,5725.0,5947.0,5725.0,5902.25,5732.61,831725.0,5515.448000000002,5634.948999999999,6090.339600000006,0.022034152133527662
MARUTI.NS,2019-08-09,5937.65,6155.0,5927.2,6099.9,5924.58,1445079.0,5544.027000000002,5641.187,6075.425000000006,0.033487364394228836
MARUTI.NS,2019-08-13,6099.7,6123.0,5791.55,5815.45,5648.31,909354.0,5568.7170000000015,5628.3544999999995,6054.943200000005,-0.04663115360076153
MARUTI.NS,2019-08-14,5792.0,5933.4,5710.0,5816.0,5727.63,1030939.0,5606.593000000001,5615.682999999999,6033.074800000006,0.014043138567111146
MARUTI.NS,2019-08-16,5805.0,5995.0,5590.0,5975.05,5884.27,1207075.0,5663.771000000002,5614.8425,6013.777800000006,0.027348135267117435
MARUTI.NS,2019-08-19,5999.0,6024.4,5911.6,5982.55,5891.65,902389.0,5711.692000000001,5623.7609999999995,5995.854000000006,0.001254191259068449
MARUTI.NS,2019-08-20,6003.0,6233.0,5959.05,6190.95,6096.89,2198337.0,5768.798000000001,5648.441,5982.820800000007,0.034835742109595946
MARUTI.NS,2019-08-21,6223.0,6276.0,6141.0,6228.9,6134.26,2128640.0,5831.486000000002,5668.025499999999,5970.113600000007,0.006129354474166293
MARUTI.NS,2019-08-22,6200.0,6298.5,6168.0,6208.55,6114.22,1551394.0,5876.344000000002,5688.49,5956.843400000007,-0.0032668977187142456
MARUTI.NS,2019-08-23,6160.0,6279.6,6040.0,6254.35,6159.32,1232405.0,5931.374000000002,5716.344999999999,5946.928600000007,0.007376247501725386
MARUTI.NS,2019-08-26,6460.0,6466.7,6116.15,6255.55,6160.5,1552155.0,5974.163000000002,5744.8055,5938.344600000007,0.000191579589954749
MARUTI.NS,2019-08-27,6297.5,6340.0,6256.0,6277.75,6182.37,1078065.0,5999.942000000001,5771.9845000000005,5930.922600000007,0.0035500365230094477
MARUTI.NS,2019-08-28,6248.0,6248.0,6070.0,6103.4,6010.67,1242304.0,6036.178000000002,5802.4475,5923.286400000007,-0.02777252089409077
MARUTI.NS,2019-08-29,6103.4,6198.0,6065.0,6110.2,6017.36,1006756.0,6065.151000000002,5835.872,5918.554800000007,0.0011130206782270502
MARUTI.NS,2019-08-30,6144.0,6159.25,6052.9,6123.75,6030.71,794518.0,6079.795000000001,5871.783,5914.369000000007,0.002218580905912315
MARUTI.NS,2019-09-03,6035.0,6130.0,6002.25,6049.7,5957.78,1173373.0,6086.408000000001,5899.05,5904.993000000008,-0.012093103465429467
MARUTI.NS,2019-09-04,6062.0,6076.2,5800.0,5830.75,5742.16,1964992.0,6050.935,5909.8665,5895.180000000007,-0.03619133301330357
MARUTI.NS,2019-09-05,5805.0,5998.0,5791.25,5968.65,5877.96,1149196.0,6025.305000000001,5928.3955000000005,5887.2546000000075,0.02364963707037071
MARUTI.NS,2019-09-06,5997.7,6220.0,5962.1,6186.95,6092.95,1524051.0,6023.178000000002,5949.761,5882.413000000008,0.036575614669034806
MARUTI.NS,2019-09-09,6085.0,6366.95,6040.0,6335.5,6239.24,2061193.0,6031.170000000002,5981.272,5881.316800000008,0.0240097161473507
MARUTI.NS,2019-09-11,6330.0,6630.0,6285.1,6597.3,6497.06,2492039.0,6064.826000000003,6019.4945,5885.2528000000075,0.04132234054147621
MARUTI.NS,2019-09-12,6565.0,6640.0,6370.0,6392.05,6294.93,1892862.0,6076.082000000003,6038.012000000001,5884.214600000007,-0.031110994819195104
MARUTI.NS,2019-09-13,6434.0,6512.8,6340.0,6450.3,6352.29,1929801.0,6110.244000000003,6073.211,5884.844200000006,0.00911209497166765
MARUTI.NS,2019-09-16,6349.9,6489.0,6340.1,6412.75,6315.32,1377371.0,6140.040000000004,6102.5955,5883.721400000006,-0.005819948396562524
MARUTI.NS,2019-09-17,6410.0,6445.85,6110.0,6130.4,6037.26,1706567.0,6140.695000000003,6110.245,5877.546400000006,-0.04402943952167104
MARUTI.NS,2019-09-18,6165.0,6211.8,5986.6,6095.05,6002.44,1955137.0,6145.161000000003,6115.7845,5870.468200000007,-0.005767517052437832
MARUTI.NS,2019-09-19,6139.0,6175.0,5942.4,5971.75,5881.02,1721431.0,6159.047000000003,6104.991,5864.544400000006,-0.020228440434223227
MARUTI.NS,2019-09-20,6015.0,6949.8,5982.45,6591.95,6491.79,4892962.0,6220.430000000002,6122.8675,5877.077400000006,0.10385443341461165
MARUTI.NS,2019-09-23,6676.1,7000.0,6676.1,6897.85,6793.04,3140286.0,6290.439000000003,6156.8085,5897.446800000005,0.04640476663601256
MARUTI.NS,2019-09-24,6935.0,7177.9,6855.0,7009.1,6902.6,2354230.0,6356.775000000003,6193.972500000001,5920.348400000004,0.016128272467113458
MARUTI.NS,2019-09-25,7000.0,7000.0,6602.0,6638.5,6537.64,2296343.0,6360.833000000004,6212.829500000001,5933.944000000005,-0.05287283052762726
MARUTI.NS,2019-09-26,6700.0,6899.9,6681.05,6857.45,6753.26,1893865.0,6406.666000000004,6241.374000000001,5953.012800000005,0.03298132047650215
MARUTI.NS,2019-09-27,6860.0,6915.0,6735.0,6773.7,6670.78,1457894.0,6438.515000000005,6274.379500000001,5968.329200000005,-0.012213360658408057
MARUTI.NS,2019-09-30,6773.0,6809.6,6640.0,6715.8,6613.76,1264165.0,6468.359000000005,6304.199500000001,5980.983200000005,-0.008547726053025229
MARUTI.NS,2019-10-01,6720.0,6850.0,6650.0,6782.0,6678.96,1473158.0,6532.529000000004,6336.612,5996.540800000005,0.009858234952583755
MARUTI.NS,2019-10-03,6786.6,6794.95,6680.0,6754.05,6651.43,850852.0,6597.428000000004,6371.294500000001,6015.303800000005,-0.004121899217842229
MARUTI.NS,2019-10-04,6793.0,6845.9,6618.4,6649.6,6548.57,1065056.0,6664.183000000003,6411.615000000001,6034.209400000005,-0.015464343757658261
MARUTI.NS,2019-10-07,6674.7,6699.0,6558.15,6629.85,6529.12,696713.0,6667.916000000003,6444.173000000001,6049.940400000005,-0.0029701140859760278
MARUTI.NS,2019-10-09,6628.0,6743.8,6590.0,6719.55,6617.45,1017731.0,6650.357000000004,6470.398,6068.190800000006,0.013528622540250446
MARUTI.NS,2019-10-10,6700.0,6742.1,6558.25,6605.45,6505.09,985523.0,6610.6060000000025,6483.690500000001,6086.248200000006,-0.016979350051757103
MARUTI.NS,2019-10-11,6626.3,6720.0,6626.3,6698.9,6597.12,835065.0,6616.554000000002,6488.693500000001,6106.364800000007,0.014147383049273765
MARUTI.NS,2019-10-14,6697.95,6874.55,6696.05,6821.1,6717.46,963217.0,6612.974000000004,6509.8200000000015,6127.938200000008,0.018241293170353057
MARUTI.NS,2019-10-15,6811.0,7019.0,6809.0,6985.75,6879.61,1276061.0,6633.857000000004,6536.186000000001,6157.502200000008,0.02413858809728664
MARUTI.NS,2019-10-16,7003.45,7013.9,6895.0,6975.0,6869.02,876844.0,6659.383000000004,6563.871000000001,6187.905200000008,-0.0015393314446602302
MARUTI.NS,2019-10-17,6977.0,7155.55,6940.0,7123.9,7015.66,1248295.0,6693.053000000004,6612.791,6221.968600000008,0.02134802344439235
MARUTI.NS,2019-10-18,7081.3,7450.0,7061.65,7302.3,7191.35,1463126.0,6747.045000000004,6672.236500000001,6257.546800000007,0.02504254767192271
MARUTI.NS,2019-10-22,7333.0,7392.0,7232.0,7256.25,7146.0,959552.0,6806.788000000003,6735.485500000001,6289.9502000000075,-0.006306187294457977
MARUTI.NS,2019-10-23,7201.05,7472.0,7200.0,7440.25,7327.2,1278695.0,6886.596000000003,6777.256000000001,6326.346600000007,0.025356842989084694
MARUTI.NS,2019-10-24,7460.0,7475.0,7271.0,7391.4,7279.1,1658859.0,6952.761000000004,6801.559000000001,6358.615800000007,-0.006564581286166549
MARUTI.NS,2019-10-25,7396.5,7509.0,7353.85,7471.15,7357.63,1353615.0,7038.015000000005,6824.310500000001,6393.588000000006,0.010788421645533175
MARUTI.NS,2019-10-29,7416.0,7758.7,7381.85,7721.3,7603.98,1396732.0,7138.7010000000055,6877.6275000000005,6431.015400000007,0.03348224903943242
MARUTI.NS,2019-10-30,7744.0,7753.65,7539.7,7556.95,7442.13,1243366.0,7211.168000000005,6912.071000000001,6461.366400000006,-0.02128490606235145
MARUTI.NS,2019-10-31,7612.9,7645.0,7502.0,7559.4,7444.54,1067275.0,7267.661000000005,6950.759000000001,6497.291000000006,0.0003238320212088919
MARUTI.NS,2019-11-01,7599.95,7649.0,7545.1,7618.65,7502.89,1151035.0,7331.048000000004,6995.215500000001,6532.796200000006,0.007837959094853408
MARUTI.NS,2019-11-04,7550.0,7625.0,7407.45,7424.0,7311.2,824953.0,7360.6020000000035,7026.827500000002,6561.334800000006,-0.025548821853978998
MARUTI.NS,2019-11-05,7429.95,7541.95,7325.0,7389.0,7276.73,1207089.0,7369.140000000002,7058.092500000003,6589.0364000000045,-0.004714684319947482
MARUTI.NS,2019-11-06,7395.0,7415.0,7295.0,7311.15,7200.07,923041.0,7374.547000000003,7090.667500000003,6611.100000000005,-0.010534951825888816
MARUTI.NS,2019-11-07,7357.0,7357.0,7241.0,7287.15,7176.43,877885.0,7359.470000000003,7123.033000000003,6631.943400000005,-0.003283301412347339
MARUTI.NS,2019-11-08,7286.45,7370.0,7178.05,7200.55,7091.15,983936.0,7340.675000000001,7146.718000000003,6651.482000000005,-0.011883345897612085
MARUTI.NS,2019-11-11,7160.0,7237.45,7074.0,7137.3,7028.86,864507.0,7307.798000000001,7172.906500000002,6668.872800000005,-0.008784188742305576
MARUTI.NS,2019-11-13,7130.0,7169.85,7095.0,7154.6,7045.89,687017.0,7251.989000000001,7195.345000000003,6686.580600000005,0.002422868004199996
MARUTI.NS,2019-11-14,7160.0,7270.0,7160.0,7247.15,7137.04,802462.0,7221.4800000000005,7216.324000000003,6705.6740000000045,0.012936619788273651
MARUTI.NS,2019-11-15,7300.0,7359.0,7116.2,7147.2,7038.61,1049492.0,7180.887000000001,7224.274000000003,6726.232800000005,-0.013791431742010696
MARUTI.NS,2019-11-18,7150.0,7177.0,7075.0,7098.45,6990.6,537228.0,7129.658000000001,7230.353000000005,6745.697600000005,-0.006820949022605216
MARUTI.NS,2019-11-19,7146.0,7155.0,7032.0,7045.45,6938.4,755114.0,7092.3780000000015,7226.490000000003,6763.851400000005,-0.0074671701999828866
MARUTI.NS,2019-11-20,7120.0,7218.0,7044.0,7152.75,7044.07,1289948.0,7069.112000000001,7219.126000000004,6785.577200000004,0.015229735962181579
MARUTI.NS,2019-11-21,7150.0,7200.0,7004.8,7019.05,6912.4,763454.0,7040.345000000001,7207.446000000004,6808.982000000005,-0.01869231850336528
MARUTI.NS,2019-11-22,7034.0,7077.45,7000.0,7060.45,6953.17,685503.0,7018.019,7188.744500000003,6830.486200000005,0.005898096174989931
MARUTI.NS,2019-11-25,7075.2,7263.5,7040.3,7236.1,7126.16,952419.0,7021.520000000001,7181.0975000000035,6851.150400000004,0.02487929965756619
MARUTI.NS,2019-11-26,7238.0,7274.0,7084.0,7125.0,7016.74,1249810.0,7020.308000000002,7164.053000000003,6866.700400000004,-0.01535469313066229
MARUTI.NS,2019-11-27,7166.6,7300.0,7166.6,7294.4,7183.57,1070680.0,7034.076000000003,7143.032500000003,6880.430600000004,0.023775998540632726
MARUTI.NS,2019-11-28,7299.8,7321.1,7220.95,7261.25,7150.92,602077.0,7035.464000000003,7128.472000000003,6897.550400000004,-0.0045450938739373115
MARUTI.NS,2019-11-29,7254.0,7293.85,7132.0,7245.85,7135.76,792083.0,7045.179000000002,7113.033000000003,6913.219800000004,-0.0021200069361704266
MARUTI.NS,2019-12-02,7291.0,7294.85,7106.75,7139.35,7030.88,703838.0,7049.207000000002,7089.432500000003,6927.5310000000045,-0.014697803737793835
MARUTI.NS,2019-12-03,7142.65,7240.0,7060.0,7138.8,7030.33,668269.0,7058.400000000003,7075.389000000001,6947.392400000004,-7.822633866605422e-05
MARUTI.NS,2019-12-04,7129.8,7170.0,7052.0,7076.1,6968.59,737723.0,7050.852000000002,7059.982000000001,6966.715400000005,-0.00878194906924712
MARUTI.NS,2019-12-05,7090.0,7125.15,6990.55,7012.85,6906.3,602894.0,7050.242000000003,7045.2935,6987.221000000004,-0.008938680565221957
MARUTI.NS,2019-12-06,7012.85,7050.0,6864.1,6886.7,6782.06,770911.0,7033.131000000003,7025.575,6993.026400000005,-0.017989372022645944
MARUTI.NS,2019-12-09,7007.0,7108.0,6952.35,6994.75,6888.47,1479832.0,7009.362000000003,7015.441000000001,6994.935000000005,0.01568992312070372
MARUTI.NS,2019-12-10,7019.0,7048.95,6905.0,6963.65,6857.85,790378.0,6993.473000000003,7006.890500000001,6994.0400000000045,-0.004445109000982828
MARUTI.NS,2019-12-11,7000.0,7035.0,6955.2,6993.2,6886.95,603048.0,6963.8110000000015,6998.943500000001,7001.026200000005,0.004243312408407807
MARUTI.NS,2019-12-12,7030.4,7045.95,6975.5,6999.8,6893.45,932863.0,6938.064000000001,6986.764000000001,7003.8300000000045,0.0009438140250763727
MARUTI.NS,2019-12-13,7043.95,7249.0,7030.15,7214.95,7105.33,1199360.0,6935.0210000000025,6990.100000000001,7012.521000000004,0.030736423706561933
MARUTI.NS,2019-12-16,7240.0,7257.7,7125.0,7140.05,7031.56,727854.0,6935.089000000002,6992.148000000001,7020.877000000004,-0.01038234677347849
MARUTI.NS,2019-12-17,7209.9,7276.5,7166.0,7195.15,7085.83,939918.0,6940.639000000001,6999.5195,7029.014400000004,0.00771805971932249
MARUTI.NS,2019-12-18,7220.0,7254.95,7164.0,7240.65,7130.64,841740.0,6956.844000000002,7003.848000000001,7038.598600000005,0.006323888662302046
MARUTI.NS,2019-12-19,7248.95,7310.0,7166.0,7240.65,7130.64,1001697.0,6979.278000000001,7014.760000000002,7050.240000000004,0.0
MARUTI.NS,2019-12-20,7240.65,7304.35,7227.5,7261.5,7151.17,679779.0,7016.189000000001,7024.660000000002,7062.681000000004,0.002879124454466808
MARUTI.NS,2019-12-23,7275.0,7378.6,7250.1,7360.9,7249.06,914067.0,7052.248000000001,7030.805000000002,7075.313200000004,0.013688669126870279
MARUTI.NS,2019-12-24,7397.0,7423.7,7302.0,7327.8,7216.46,850537.0,7088.109000000001,7040.791000000002,7089.540600000004,-0.00449713480092595
MARUTI.NS,2019-12-26,7334.0,7343.45,7222.0,7240.9,7130.88,556360.0,7112.502000000002,7038.156500000002,7100.2158000000045,-0.011859000119171959
MARUTI.NS,2019-12-27,7268.0,7368.5,7251.4,7344.9,7233.3,665383.0,7146.487000000003,7042.275500000001,7110.532600000003,0.01436288368336025
MARUTI.NS,2019-12-30,7378.0,7431.95,7341.6,7416.25,7303.57,739631.0,7166.311000000003,7050.666,7119.011800000004,0.009714791312402271
MARUTI.NS,2019-12-31,7412.5,7412.5,7355.25,7368.6,7256.64,560622.0,7188.819000000003,7061.954000000001,7126.764200000004,-0.00642562472872843
MARUTI.NS,2020-01-01,7377.0,7409.95,7282.05,7311.7,7200.61,634725.0,7200.297000000003,7070.468000000001,7130.463200000004,-0.007721204303920315
MARUTI.NS,2020-01-02,7327.6,7368.0,7312.0,7329.85,7218.48,616838.0,7209.081000000003,7082.9625000000015,7131.0058000000045,0.002481734186409179
MARUTI.NS,2020-01-03,7328.95,7332.0,7226.0,7254.25,7144.03,571967.0,7210.420000000003,7094.849000000002,7130.966400000005,-0.010313805676541277
MARUTI.NS,2020-01-06,7200.0,7210.0,7026.5,7042.4,6935.4,748516.0,7188.843000000003,7102.516000000001,7123.1304000000055,-0.029203404800931754
MARUTI.NS,2020-01-07,7100.0,7165.6,7026.4,7073.6,6966.12,590500.0,7160.549000000002,7106.398500000001,7116.870800000005,0.004429448914265999
MARUTI.NS,2020-01-08,7060.0,7116.65,6980.45,7035.2,6928.31,793313.0,7131.734000000001,7109.921500000001,7108.284400000005,-0.00542769863281134
MARUTI.NS,2020-01-09,7140.0,7240.0,7102.0,7227.9,7118.08,798184.0,7130.454000000001,7121.478,7098.566400000006,0.027390518033979294
MARUTI.NS,2020-01-10,7261.4,7349.9,7234.4,7330.5,7219.12,747847.0,7129.036,7137.761499999999,7094.106200000006,0.01419483905772334
MARUTI.NS,2020-01-13,7332.0,7370.0,7279.8,7352.7,7240.98,537399.0,7122.776999999999,7144.544,7090.035000000006,0.0030280699032567693
MARUTI.NS,2020-01-14,7355.0,7412.4,7325.6,7386.8,7274.57,548522.0,7124.57,7156.6945000000005,7085.468600000006,0.004638874848432062
MARUTI.NS,2020-01-15,7388.95,7505.0,7353.0,7482.95,7369.26,692726.0,7141.4349999999995,7170.866000000002,7086.629800000006,0.013016576924821832
MARUTI.NS,2020-01-16,7456.5,7521.0,7421.2,7462.65,7349.26,640207.0,7154.512999999999,7181.797000000001,7088.080400000006,-0.0027139767086519218
MARUTI.NS,2020-01-17,7469.0,7569.9,7432.55,7520.15,7405.89,750738.0,7180.698999999999,7195.559500000001,7092.196800000006,0.007705537700394283
MARUTI.NS,2020-01-20,7521.25,7529.5,7421.05,7449.6,7336.41,407828.0,7220.8,7204.821500000001,7095.396400000006,-0.00938172184572017
MARUTI.NS,2020-01-21,7411.5,7434.65,7287.8,7302.65,7191.69,442561.0,7243.357000000001,7201.953000000001,7097.407200000005,-0.019726269387888684
MARUTI.NS,2020-01-22,7340.0,7374.95,7107.95,7135.6,7027.18,1048435.0,7253.244000000001,7192.489000000001,7097.373600000005,-0.022875012688255425
MARUTI.NS,2020-01-23,7145.4,7220.0,7123.15,7147.1,7038.51,589326.0,7245.286999999999,7187.870500000002,7097.226000000006,0.0016123110550747555
MARUTI.NS,2020-01-24,7148.8,7210.0,7111.25,7128.45,7020.14,645723.0,7225.389,7177.212500000003,7094.888000000006,-0.0026099273851993843
MARUTI.NS,2020-01-27,7101.5,7225.0,7061.0,7148.8,7040.18,573149.0,7205.309000000001,7164.043000000002,7094.919400000006,0.0028546439244800936
MARUTI.NS,2020-01-28,7179.95,7219.95,6963.0,6997.05,6890.74,1614448.0,7166.926000000001,7145.748000000001,7092.922200000006,-0.021226729998380822
MARUTI.NS,2020-01-29,7010.0,7116.25,6975.0,7010.3,6903.79,1001252.0,7120.379000000001,7130.907000000002,7092.230000000006,0.0018938459439770128
MARUTI.NS,2020-01-30,7020.0,7049.0,6981.0,7020.45,6913.78,579174.0,7076.831000000001,7115.672000000001,7089.624200000007,0.0014470312683323439
MARUTI.NS,2020-01-31,7035.0,7064.0,6895.55,6913.5,6808.46,868935.0,7017.088000000002,7098.893500000001,7087.545400000006,-0.01523334557940803
MARUTI.NS,2020-02-03,6780.0,7044.85,6780.0,7011.3,6904.77,1010531.0,6973.924000000002,7097.362000000001,7086.5774000000065,0.01414563645817113
MARUTI.NS,2020-02-04,7020.0,7215.0,7001.0,7199.6,7090.21,973311.0,6963.776000000003,7103.566500000001,7085.858400000008,0.026856796098928548
MARUTI.NS,2020-02-05,7215.0,7231.6,7025.6,7040.9,6933.92,718489.0,6954.450000000003,7103.847000000002,7084.2020000000075,-0.0220430706565814
MARUTI.NS,2020-02-06,7075.0,7120.35,6976.8,7021.6,6914.92,875714.0,6942.091000000003,7093.689000000003,7078.829000000007,-0.0027401527563052364
MARUTI.NS,2020-02-07,7039.0,7050.0,6935.0,6971.75,6865.82,645814.0,6926.659000000004,7076.024000000003,7073.127000000008,-0.0071005882931400865
MARUTI.NS,2020-02-10,6975.0,6989.1,6851.1,6892.9,6788.17,593773.0,6901.458000000004,7053.383500000004,7066.175200000007,-0.01130964691762959
MARUTI.NS,2020-02-11,6950.0,7089.0,6912.3,7033.75,6926.88,743160.0,6905.072000000005,7035.999000000003,7064.095200000007,0.020434078698677194
MARUTI.NS,2020-02-12,7056.1,7110.0,7007.95,7043.3,6936.29,599364.0,6908.322000000005,7014.350500000003,7062.214400000006,0.0013584759660913992
MARUTI.NS,2020-02-13,7050.0,7056.0,6925.0,7005.05,6898.62,723169.0,6906.806000000004,6991.818500000003,7060.815000000006,-0.005430857129675948
MARUTI.NS,2020-02-14,7000.05,7088.95,6901.0,6913.8,6808.75,614859.0,6906.835000000004,6961.961500000002,7058.864000000006,-0.013027243129785315
MARUTI.NS,2020-02-17,6920.0,6980.0,6880.0,6906.75,6801.81,463548.0,6896.5390000000025,6935.231500000002,7059.259000000006,-0.0010192766660546138
MARUTI.NS,2020-02-18,6925.0,6930.0,6735.8,6781.1,6678.07,830678.0,6855.325000000002,6909.550500000002,7055.051000000007,-0.018192216483553736
MARUTI.NS,2020-02-19,6850.0,6854.95,6624.6,6756.6,6653.94,1033939.0,6827.327000000002,6890.888500000003,7050.972800000007,-0.003613319417137051
MARUTI.NS,2020-02-20,6761.0,6807.55,6720.0,6757.6,6654.93,682513.0,6801.328000000001,6871.709500000002,7046.332400000007,0.00014878402871087992
MARUTI.NS,2020-02-24,6710.0,6710.0,6439.8,6470.4,6372.09,1091346.0,6751.955000000002,6839.307000000001,7035.905200000007,-0.04250082269836053
MARUTI.NS,2020-02-25,6505.4,6510.0,6376.55,6414.55,6317.09,964897.0,6704.847000000002,6803.152500000001,7020.1404000000075,-0.00863139095649934
MARUTI.NS,2020-02-26,6350.0,6368.85,6186.05,6234.85,6140.12,1580738.0,6626.171,6765.621500000001,7002.311600000007,-0.028014481351381737
MARUTI.NS,2020-02-27,6230.0,6338.05,6166.8,6289.8,6194.23,1492657.0,6551.965,6730.143500000001,6984.479600000007,0.008812531351178654
MARUTI.NS,2020-02-28,6163.05,6367.35,6103.2,6283.1,6187.64,1468843.0,6480.867,6693.836500000002,6965.619600000006,-0.0010638933329888411
MARUTI.NS,2020-03-02,6400.95,6439.55,6250.0,6285.15,6189.65,1219764.0,6418.957,6662.8960000000025,6946.799800000007,0.0003248411349074942
MARUTI.NS,2020-03-03,6318.0,6422.15,6280.5,6386.05,6289.02,849199.0,6367.678000000002,6632.108500000002,6929.556800000008,0.01605421954391617
MARUTI.NS,2020-03-04,6390.0,6424.0,6209.0,6384.35,6287.35,904360.0,6328.606000000002,6591.965500000003,6910.322600000007,-0.00026554216714214096
MARUTI.NS,2020-03-05,6411.9,6464.0,6330.2,6365.95,6269.23,645853.0,6290.135000000002,6558.7310000000025,6891.378000000006,-0.0028819773036335983
MARUTI.NS,2020-03-06,6196.4,6480.0,6100.15,6445.95,6348.01,1140899.0,6259.443000000001,6530.385500000003,6875.720600000006,0.012566136511182435
MARUTI.NS,2020-03-09,6301.0,6374.0,6079.4,6201.1,6106.88,1082030.0,6232.922000000001,6492.438500000002,6853.192200000007,-0.03798513234856282
MARUTI.NS,2020-03-11,6160.0,6310.95,6105.0,6146.3,6052.91,937029.0,6206.504000000003,6455.675500000003,6828.179000000006,-0.008837573359882667
MARUTI.NS,2020-03-12,5939.3,5939.3,5555.55,5643.15,5557.41,1345964.0,6148.233000000002,6387.202000000002,6794.194400000005,-0.0818614517645232
MARUTI.NS,2020-03-13,5325.2,6063.5,4803.05,5838.6,5749.89,1480205.0,6103.799000000004,6327.882000000003,6765.180000000006,0.03463483889077845
MARUTI.NS,2020-03-16,5638.6,5688.0,5400.0,5480.25,5396.98,933412.0,6024.733000000003,6252.800000000003,6728.7500000000055,-0.06137682633928665
MARUTI.NS,2020-03-17,5502.0,5746.95,5502.0,5603.95,5518.8,1238640.0,5957.648000000003,6188.302500000003,6696.245400000005,0.022571882793710696
MARUTI.NS,2020-03-18,5671.0,5688.8,5312.55,5352.65,5271.32,973395.0,5855.878000000002,6111.778000000003,6662.963800000005,-0.044843081829383236
MARUTI.NS,2020-03-19,4870.0,5096.6,4652.55,4819.55,4746.32,2554559.0,5701.775000000003,6015.190500000002,6618.567800000005,-0.0995955472253629
MARUTI.NS,2020-03-20,4869.0,5225.0,4812.6,5079.2,5002.03,1614552.0,5575.055000000003,5932.595000000003,6580.042200000005,0.05387542348598484
MARUTI.NS,2020-03-23,4575.0,4790.0,4141.0,4220.35,4156.23,1531965.0,5355.877000000002,5807.660000000002,6520.805200000005,-0.16909134891234168
MARUTI.NS,2020-03-24,4341.0,4570.0,4030.0,4486.45,4418.28,1746431.0,5187.017000000003,5709.969500000002,6464.788400000006,0.06304992745829763
MARUTI.NS,2020-03-25,4439.0,5159.4,4310.1,5005.95,4929.89,1728819.0,5074.715000000002,5640.609500000002,6418.5666000000065,0.11579392885919426
MARUTI.NS,2020-03-26,5024.45,5120.0,4750.0,4878.0,4803.88,1338787.0,4999.362000000003,5573.797500000002,6369.152800000006,-0.02556040804155879
MARUTI.NS,2020-03-27,5100.0,5136.5,4555.0,4646.1,4575.51,1339426.0,4881.924000000003,5492.861500000003,6313.277800000006,-0.047538656252862244
MARUTI.NS,2020-03-30,4587.45,4639.95,4270.0,4328.45,4262.68,1528082.0,4768.494000000003,5396.613500000003,6251.546200000006,-0.06837052044471548
MARUTI.NS,2020-03-31,4450.0,4468.05,4210.0,4288.3,4223.14,2140261.0,4638.928000000003,5298.288000000003,6187.8912000000055,-0.009275854626666802
MARUTI.NS,2020-04-01,4290.0,4424.85,4190.1,4246.35,4181.83,1323842.0,4529.979000000003,5192.928500000004,6124.799600000007,-0.009781821109411615
MARUTI.NS,2020-04-03,4250.0,4267.0,4001.1,4011.5,3950.55,1724808.0,4450.402000000004,5076.0885000000035,6059.976800000007,-0.05530593065715239
MARUTI.NS,2020-04-07,4150.0,4612.9,4120.0,4553.65,4484.46,2688172.0,4398.645000000003,4986.850000000004,6009.122400000007,0.1351482704939817
MARUTI.NS,2020-04-08,4406.5,4925.0,4406.5,4698.1,4626.72,2798833.0,4445.694000000003,4900.785500000004,5960.886600000006,0.031722883022705206
MARUTI.NS,2020-04-09,4794.45,5399.0,4736.2,5326.65,5245.72,3786650.0,4528.438000000004,4857.727500000004,5925.398200000005,0.13378808313448842
MARUTI.NS,2020-04-13,5285.0,5343.4,5001.0,5283.15,5202.88,2192268.0,4555.737000000003,4815.226000000004,5888.652200000006,-0.008166657770525276
MARUTI.NS,2020-04-15,5307.5,5350.0,5041.0,5094.3,5016.9,2094519.0,4577.039000000003,4788.200500000004,5851.175400000006,-0.03574558705947484
MARUTI.NS,2020-04-16,5017.0,5228.0,4970.0,5130.8,5052.84,1752169.0,4624.772000000004,4753.348000000004,5814.156400000007,0.0071637864019615805
MARUTI.NS,2020-04-17,5325.0,5602.95,5211.7,5505.0,5421.36,2192902.0,4740.640000000004,4754.567000000004,5784.308000000006,0.07293324150378777
MARUTI.NS,2020-04-20,5512.0,5573.95,5280.0,5331.35,5250.35,1555307.0,4843.3610000000035,4741.144500000004,5753.145800000006,-0.0315437454808386
MARUTI.NS,2020-04-21,5131.3,5131.3,4884.5,5001.1,4925.11,1843169.0,4917.689000000004,4723.834000000004,5713.5526000000045,-0.061946346434047395
MARUTI.NS,2020-04-22,5009.0,5248.25,4991.0,5180.85,5102.13,1991584.0,5032.847000000003,4741.6245000000035,5673.791000000005,0.035942344434946705
MARUTI.NS,2020-04-23,5169.0,5244.6,5045.0,5156.35,5078.01,1454061.0,5092.202000000003,4745.4235000000035,5636.672800000005,-0.004727437364394849
MARUTI.NS,2020-04-24,5100.0,5140.0,5030.0,5045.65,4968.99,1070808.0,5126.429000000003,4786.061500000004,5597.754200000005,-0.021469040037337517
MARUTI.NS,2020-04-27,5150.1,5225.0,4991.55,5056.35,4979.52,1432313.0,5099.809000000003,4814.123500000004,5560.028200000005,0.0021191429244173943
MARUTI.NS,2020-04-28,5090.0,5120.0,4990.25,5052.7,4975.93,1172062.0,5077.114000000003,4816.425500000004,5523.783400000006,-0.0007209530235846584
MARUTI.NS,2020-04-29,5100.0,5100.0,5011.05,5068.45,4991.44,1038094.0,5074.568000000003,4825.803500000004,5485.074600000005,0.00311700526333758
MARUTI.NS,2020-04-30,5122.0,5425.0,5122.0,5358.8,5277.38,2341081.0,5097.022000000003,4860.8970000000045,5451.896400000006,0.057286073758274325
MARUTI.NS,2020-05-04,5096.0,5130.25,4840.0,4886.3,4812.06,1742771.0,5036.092000000002,4888.3660000000045,5410.165200000006,-0.08817254016197429
MARUTI.NS,2020-05-05,4995.0,5029.55,4800.0,4829.85,4756.47,1570620.0,4986.704000000003,4915.032500000005,5369.119600000005,-0.011552225034600627
MARUTI.NS,2020-05-06,4841.2,5000.0,4710.0,4843.25,4769.66,2214528.0,4971.159000000002,4944.4240000000045,5328.476600000005,0.002773064898969002
MARUTI.NS,2020-05-07,4899.5,4935.35,4735.0,4749.3,4677.14,1530808.0,4928.660000000003,4980.753500000004,5288.458000000005,-0.01939760905389476
MARUTI.NS,2020-05-08,4874.0,4879.0,4637.5,4654.15,4583.44,1828141.0,4879.203000000003,4985.702500000005,5247.048000000005,-0.02003361028320738
MARUTI.NS,2020-05-11,4750.0,5014.6,4730.15,4937.8,4862.78,3176473.0,4868.582000000003,4997.505500000005,5211.205000000005,0.06094549072312505
MARUTI.NS,2020-05-12,4914.0,4985.0,4690.05,4951.3,4876.07,3124672.0,4858.237000000003,4979.023000000004,5181.284600000006,0.002733004577628373
MARUTI.NS,2020-05-13,5250.0,5317.45,4986.25,5036.1,4959.58,3304845.0,4856.602000000003,4966.858000000004,5154.134400000006,0.01712649736365557
MARUTI.NS,2020-05-14,4905.0,5145.0,4852.15,5114.05,5036.35,2590674.0,4861.093000000003,4967.830500000005,5132.059000000006,0.015479133313708093
MARUTI.NS,2020-05-15,5110.0,5123.2,4961.15,5100.4,5022.9,2182462.0,4835.645000000002,4966.333500000004,5108.632400000006,-0.0026705848481540784
MARUTI.NS,2020-05-18,5080.4,5095.0,4680.55,4720.95,4649.22,3164086.0,4819.361000000003,4927.726500000004,5077.864000000005,-0.07439526966493448
MARUTI.NS,2020-05-19,4842.0,4900.0,4755.75,4805.3,4732.29,2108177.0,4816.943000000003,4901.823500000004,5048.716800000006,0.017867513260288792
MARUTI.NS,2020-05-20,4754.0,4920.0,4745.5,4891.95,4817.62,1518296.0,4821.739000000003,4896.449000000003,5019.288800000006,0.018031439324301735
MARUTI.NS,2020-05-21,4890.0,5073.8,4851.05,5050.1,4973.37,1868166.0,4851.362000000003,4890.011000000003,4993.009200000006,0.03232924140965876
MARUTI.NS,2020-05-22,5010.0,5150.0,4930.75,5134.3,5056.29,1935875.0,4898.647000000003,4888.925000000003,4968.750400000005,0.016672799329227495
MARUTI.NS,2020-05-26,5200.0,5285.8,5160.65,5246.15,5166.44,1508751.0,4929.013000000004,4898.797500000002,4945.119000000005,0.02178474731473079
MARUTI.NS,2020-05-27,5270.0,5291.0,5135.4,5244.4,5164.72,1534655.0,4957.878000000003,4908.057500000003,4926.275800000006,-0.00033291783123379215
MARUTI.NS,2020-05-28,5267.0,5495.0,5220.0,5468.35,5385.27,2325084.0,5000.447000000003,4928.524500000002,4912.923000000005,0.04270318623274827
MARUTI.NS,2020-05-29,5375.0,5666.75,5375.0,5610.8,5525.55,3386733.0,5049.367000000004,4955.230000000002,4912.285800000005,0.02604883320613438
MARUTI.NS,2020-06-01,5690.0,5864.65,5666.9,5793.6,5705.57,2340994.0,5117.634000000004,4976.639500000002,4911.399400000005,0.03257956221552605
MARUTI.NS,2020-06-02,5797.75,5849.0,5625.1,5690.1,5603.65,2110719.0,5213.077000000003,5016.219000000002,4915.5328000000045,-0.017863245915833104
MARUTI.NS,2020-06-03,5730.0,5832.0,5606.0,5624.0,5538.55,1652859.0,5293.703000000003,5055.323000000002,4915.927800000004,-0.011617427926440715
MARUTI.NS,2020-06-04,5658.0,5719.95,5572.0,5690.2,5603.74,1642049.0,5372.315000000003,5097.027000000002,4922.576200000004,0.011770228669958582
MARUTI.NS,2020-06-05,5728.3,5785.0,5671.1,5746.2,5658.89,1236658.0,5440.867000000003,5146.1145000000015,4940.827600000004,0.00984164147515787
MARUTI.NS,2020-06-08,5850.0,5850.0,5701.5,5734.8,5647.67,1176769.0,5500.005000000003,5199.326000000002,4953.740400000004,-0.001982720992986353
MARUTI.NS,2020-06-09,5754.0,5787.0,5620.0,5662.3,5576.27,1336806.0,5540.988000000002,5235.000500000002,4982.141200000004,-0.012642381725561092
MARUTI.NS,2020-06-10,5655.0,5740.0,5615.0,5675.6,5589.37,1432292.0,5583.453000000002,5270.665500000001,5005.563000000004,0.0023492406214189465
MARUTI.NS,2020-06-11,5637.0,5689.0,5400.3,5426.15,5343.71,1766481.0,5579.297000000001,5289.872000000001,5013.8394000000035,-0.04395128610201149
MARUTI.NS,2020-06-12,5201.0,5608.3,5201.0,5561.75,5477.25,2064628.0,5574.4670000000015,5311.917000000001,5027.306800000003,0.024990128581079407
MARUTI.NS,2020-06-15,5520.0,5585.0,5391.05,5475.75,5392.55,1530562.0,5543.165000000002,5330.399500000001,5043.647600000003,-0.015463964580765821
MARUTI.NS,2020-06-16,5590.0,5612.55,5400.0,5502.2,5418.6,1184933.0,5524.660000000002,5368.868500000002,5066.766000000003,0.0048307387043236005
MARUTI.NS,2020-06-17,5445.0,5813.45,5445.0,5726.2,5639.2,3454833.0,5534.725,5414.214000000002,5095.087200000004,0.04071162292843167
MARUTI.NS,2020-06-18,5695.0,5758.0,5641.0,5714.4,5627.58,1580214.0,5537.109000000001,5454.712000000002,5124.0022000000035,-0.0020605759682224
MARUTI.NS,2020-06-19,5751.0,5935.0,5707.0,5897.35,5807.75,1854589.0,5551.995000000001,5496.431000000002,5161.146200000004,0.03201553776223531
MARUTI.NS,2020-06-22,5900.0,5975.0,5806.35,5896.0,5806.42,1497563.0,5567.870000000001,5533.937500000003,5187.585400000004,-0.00022900434763895028
MARUTI.NS,2020-06-23,5900.0,6007.2,5862.55,5886.5,5797.06,1398070.0,5589.9490000000005,5565.468500000003,5210.992200000004,-0.0016120087764921465
MARUTI.NS,2020-06-24,5938.0,5938.0,5730.0,5755.35,5667.9,1268449.0,5597.802000000001,5590.627500000002,5219.435800000004,-0.022280259303854133
MARUTI.NS,2020-06-25,5677.0,5846.8,5651.0,5762.3,5674.75,1266203.0,5630.906000000001,5605.1015000000025,5228.873200000003,0.0012085604897758007
MARUTI.NS,2020-06-26,5800.0,5810.0,5695.0,5754.9,5667.46,1063057.0,5649.927000000001,5612.197000000002,5241.884400000004,-0.0012846380897836296
MARUTI.NS,2020-06-29,5730.0,5800.0,5650.0,5678.7,5592.42,1102655.0,5669.914,5606.539500000002,5252.676000000003,-0.01324049927127846
MARUTI.NS,2020-06-30,5750.0,5874.5,5681.45,5838.3,5749.59,2015814.0,5703.013,5613.836500000002,5259.240600000004,0.02810411235207666
MARUTI.NS,2020-07-01,5838.3,5885.0,5775.0,5803.1,5714.93,1284965.0,5710.586,5622.655500000002,5268.532200000004,-0.006028255927813975
MARUTI.NS,2020-07-02,5850.0,5960.0,5762.8,5948.45,5858.07,1470941.0,5733.635,5635.372000000001,5287.191400000005,0.025046675987282274
MARUTI.NS,2020-07-03,5948.45,5988.6,5883.05,5932.1,5841.97,1059779.0,5737.057,5644.526000000001,5301.988200000004,-0.002748345444830713
MARUTI.NS,2020-07-06,5963.45,6147.7,5925.0,6123.6,6030.56,1385081.0,5759.471,5663.670500000001,5321.039200000004,0.03228191859937657
MARUTI.NS,2020-07-07,6140.0,6250.0,6092.65,6226.75,6132.14,1799721.0,5792.979,5691.464000000001,5344.302200000005,0.016844206839829123
MARUTI.NS,2020-07-08,6226.75,6235.0,6022.6,6044.4,5952.56,1204072.0,5821.445,5709.623500000001,5363.763000000004,-0.02928504567736545
MARUTI.NS,2020-07-09,6080.0,6096.0,5931.35,6002.35,5911.15,1043427.0,5845.085,5737.9955,5382.467400000005,-0.006956670743344162
MARUTI.NS,2020-07-10,5980.0,6085.1,5921.0,5955.65,5865.16,1168821.0,5864.855,5757.3910000000005,5399.941800000004,-0.007780211972289619
MARUTI.NS,2020-07-13,6000.0,6059.25,5927.8,5988.85,5897.86,1035069.0,5895.398999999999,5782.6565,5412.351400000003,0.005575295473610131
MARUTI.NS,2020-07-14,5951.0,5958.75,5750.0,5771.75,5684.05,1602929.0,5888.844999999999,5795.929,5429.791200000003,-0.03625213212928069
MARUTI.NS,2020-07-15,5810.0,5879.8,5755.0,5801.3,5713.16,1246705.0,5888.668,5799.627,5448.925000000004,0.005121348334374165
MARUTI.NS,2020-07-16,5809.0,5920.0,5752.0,5875.35,5786.08,1018658.0,5881.469,5807.552000000001,5469.253400000004,0.01276351441233925
MARUTI.NS,2020-07-17,5898.0,5956.0,5851.0,5919.5,5829.56,810152.0,5880.228,5808.6425,5492.301800000004,0.007514586732295436
MARUTI.NS,2020-07-20,5935.0,5936.0,5812.0,5867.5,5778.35,912610.0,5855.007,5807.2390000000005,5516.2000000000035,-0.008784539484969711
MARUTI.NS,2020-07-21,5919.5,6150.0,5900.0,6130.85,6037.7,1854694.0,5845.563,5819.271000000001,5539.698400000003,0.044883054851298176
MARUTI.NS,2020-07-22,6117.0,6129.0,5939.7,6003.4,5912.19,1140092.0,5841.526,5831.485500000001,5560.4208000000035,-0.02078771717707073
MARUTI.NS,2020-07-23,6013.0,6090.0,5967.95,6065.95,5973.79,701651.0,5847.79,5846.437500000001,5580.705000000003,0.010419150940683686
MARUTI.NS,2020-07-24,6010.0,6047.35,5932.1,6000.7,5909.53,793324.0,5852.227000000001,5858.541,5598.168600000004,-0.010756990118501064
MARUTI.NS,2020-07-27,6008.0,6062.85,5928.05,6043.3,5951.48,902597.0,5857.589,5876.494000000001,5616.740200000003,0.007098703280971508
MARUTI.NS,2020-07-28,6050.0,6320.35,6031.15,6282.8,6187.34,1774828.0,5907.918,5898.3815,5647.502600000003,0.039630478469221186
MARUTI.NS,2020-07-29,6269.95,6295.0,6118.95,6185.15,6091.17,2057197.0,5945.718999999999,5917.193499999999,5674.680200000003,-0.015543028183355068
MARUTI.NS,2020-07-30,6184.05,6393.65,6170.05,6265.4,6170.2,2217867.0,5984.1309999999985,5932.8,5701.731800000004,0.012974518852699957
MARUTI.NS,2020-07-31,6265.0,6379.85,6209.0,6262.75,6167.59,1613555.0,6017.933999999998,5949.081,5725.616200000005,-0.0004230008751742176
MARUTI.NS,2020-08-03,6380.0,6437.45,6125.05,6165.2,6071.53,1836582.0,6047.251999999999,5951.1295,5745.921000000006,-0.015574965261958118
MARUTI.NS,2020-08-04,6199.0,6376.85,6185.0,6358.95,6262.33,1223516.0,6069.714999999998,5957.639,5767.838800000006,0.031425357364618156
MARUTI.NS,2020-08-05,6388.9,6597.7,6380.0,6526.25,6427.09,2278663.0,6121.204999999997,5981.3655,5793.086200000007,0.026309696231274993
MARUTI.NS,2020-08-06,6534.95,6585.85,6434.4,6555.75,6456.14,1233252.0,6169.439999999997,6008.615,5814.503600000007,0.004519930481757806
MARUTI.NS,2020-08-07,6498.0,6749.5,6481.85,6679.0,6577.52,1567980.0,6236.238999999997,6044.233,5835.543000000008,0.018800707543516815
MARUTI.NS,2020-08-10,6690.0,6728.7,6576.0,6608.9,6508.49,1601750.0,6291.939999999998,6074.7645,5851.601400000007,-0.010494836959826892
MARUTI.NS,2020-08-11,6665.0,6713.5,6611.0,6649.2,6548.17,880808.0,6328.022999999998,6117.9705,5870.491800000006,0.006096652218871013
MARUTI.NS,2020-08-12,6609.95,6778.05,6592.1,6730.3,6628.04,1114981.0,6381.709999999997,6163.7145,5892.281600000006,0.012197300925296695
MARUTI.NS,2020-08-13,6729.95,6772.0,6655.0,6731.65,6689.0,1087096.0,6433.589999999998,6208.8605,5913.986800000006,0.009197289093004768
MARUTI.NS,2020-08-14,6740.0,6745.15,6552.05,6588.2,6546.46,905793.0,6471.476999999999,6244.7055,5931.738200000006,-0.021309612797129618
MARUTI.NS,2020-08-17,6660.0,6789.95,6588.2,6768.4,6725.52,1028536.0,6536.875999999999,6292.064,5953.295200000007,0.027352187289008123
MARUTI.NS,2020-08-18,6768.4,6924.9,6760.9,6893.1,6849.43,1322527.0,6595.586,6332.6505,5978.758400000007,0.018423854214990154
MARUTI.NS,2020-08-19,6924.0,7014.7,6885.05,6990.3,6946.01,1326450.0,6647.478,6384.3414999999995,6005.891200000007,0.014100443394559736
MARUTI.NS,2020-08-20,6891.1,6999.0,6880.05,6974.7,6930.51,958157.0,6694.914999999999,6432.1775,6037.627200000006,-0.0022314969313318445
MARUTI.NS,2020-08-21,7048.0,7065.0,6951.0,6973.0,6928.82,971836.0,6730.045,6483.142,6066.658600000007,-0.00024384929824794455
MARUTI.NS,2020-08-24,6985.0,7100.0,6955.0,7082.5,7037.63,961177.0,6782.959,6537.449500000001,6099.560200000007,0.015703972682217238
MARUTI.NS,2020-08-25,7100.0,7175.7,7075.65,7109.95,7064.91,1047620.0,6834.633,6581.3279999999995,6132.486400000007,0.003876304949251397
MARUTI.NS,2020-08-26,7110.0,7158.0,6972.0,7008.65,6964.25,992395.0,6868.254000000001,6624.981999999999,6158.987400000007,-0.014247881430902831
MARUTI.NS,2020-08-27,7043.0,7127.7,6960.8,7098.0,7053.03,1158891.0,6904.657000000001,6669.123499999999,6187.496400000007,0.012747962810065738
MARUTI.NS,2020-08-28,7125.0,7156.0,7028.45,7104.1,7059.09,1019729.0,6955.92,6713.698499999999,6212.523200000008,0.000859205192661916
MARUTI.NS,2020-08-31,7138.0,7160.0,6815.0,6853.4,6796.62,1285933.0,6963.029999999999,6749.952999999999,6232.327200000008,-0.03718184638529898
MARUTI.NS,2020-09-01,6860.45,7018.7,6802.0,6889.9,6861.9,981376.0,6964.276999999999,6779.931499999999,6253.624000000008,0.009604774137733196
MARUTI.NS,2020-09-02,6905.5,6980.0,6852.4,6941.5,6876.9,671235.0,6957.365999999999,6802.421999999999,6277.804000000008,0.0021859834739650363
MARUTI.NS,2020-09-03,6925.0,7116.9,6920.75,7077.5,7027.79,855644.0,6967.093999999999,6831.004499999998,6304.864800000008,0.02194157251086981
MARUTI.NS,2020-09-04,6985.0,7324.0,6965.05,7174.0,7144.55,2012497.0,6988.666999999999,6859.355999999998,6334.4066000000075,0.016614042252258487
MARUTI.NS,2020-09-07,7225.0,7300.0,7129.25,7179.95,7163.48,1199838.0,7001.251999999998,6892.1055,6365.827800000007,0.0026495720514236876
MARUTI.NS,2020-09-08,7220.0,7278.0,7137.65,7202.85,7178.23,1025815.0,7012.583999999997,6923.608499999999,6394.400600000006,0.002059055096126361
MARUTI.NS,2020-09-09,7200.0,7256.35,7121.2,7200.0,7169.54,1150974.0,7033.112999999996,6950.683499999999,6423.492800000006,-0.001210604842697971
MARUTI.NS,2020-09-10,7264.0,7299.4,7168.0,7223.35,7185.83,866807.0,7046.392999999996,6975.524999999999,6450.048000000006,0.0022721122973021757
MARUTI.NS,2020-09-11,7279.95,7349.9,7180.7,7205.95,7148.03,1184856.0,7055.286999999997,7005.603499999999,6476.169200000008,-0.005260352666289103
MARUTI.NS,2020-09-14,7219.0,7239.6,7085.0,7143.6,7083.69,870667.0,7083.993999999997,7023.512,6497.231800000008,-0.009001081416837975
MARUTI.NS,2020-09-15,7164.0,7175.0,7005.0,7048.35,7008.12,772571.0,7098.615999999997,7031.4465,6514.751400000007,-0.01066816870868148
MARUTI.NS,2020-09-16,7074.0,7169.0,7041.0,7058.25,7013.23,794963.0,7112.248999999998,7034.8075,6535.964800000007,0.000729154181149827
MARUTI.NS,2020-09-17,7049.5,7079.0,6941.0,7044.0,7040.96,968791.0,7113.565999999999,7040.329999999999,6558.561000000007,0.003953955595353387
MARUTI.NS,2020-09-18,7148.0,7149.0,6962.25,6999.0,6920.63,904788.0,7091.173999999999,7039.920499999998,6579.670400000007,-0.017089999091033037
MARUTI.NS,2020-09-21,6964.75,6986.9,6651.05,6657.85,6584.97,1050923.0,7033.322999999999,7017.2874999999985,6593.412600000007,-0.04850136476014466
MARUTI.NS,2020-09-22,6675.0,6685.95,6312.35,6440.75,6399.75,2453083.0,6955.475,6984.029499999999,6607.726600000007,-0.028127690786746262
MARUTI.NS,2020-09-23,6462.0,6549.95,6380.0,6469.4,6460.11,1298542.0,6884.532000000001,6958.8224999999975,6622.6656000000075,0.009431618422594656
MARUTI.NS,2020-09-24,6435.0,6486.8,6270.15,6299.6,6257.8,1049654.0,6791.729000000001,6919.060999999997,6632.100000000007,-0.031316804203024295
MARUTI.NS,2020-09-25,6395.0,6518.55,6331.0,6491.05,6456.53,1147820.0,6722.579000000001,6888.932999999997,6644.639400000007,0.03175716705551457
MARUTI.NS,2020-09-28,6579.0,6714.8,6542.3,6703.8,6660.53,942743.0,6680.263000000001,6882.128499999997,6662.2830000000085,0.031595919170204434
MARUTI.NS,2020-09-29,6749.0,6813.3,6671.0,6741.0,6700.03,1094361.0,6649.454000000001,6874.034999999998,6675.529600000009,0.005930458987498
MARUTI.NS,2020-09-30,6710.0,6779.95,6671.0,6733.05,6700.73,710658.0,6618.204000000001,6865.226499999999,6691.300400000008,0.00010447714413208686
MARUTI.NS,2020-10-01,6838.2,6909.0,6775.4,6796.3,6753.24,1255748.0,6589.432000000001,6851.498999999998,6706.889400000009,0.007836459609624757
MARUTI.NS,2020-10-05,6865.0,6877.6,6745.0,6818.85,6775.65,833411.0,6574.933999999999,6833.053999999998,6724.211800000008,0.003318407164560888
MARUTI.NS,2020-10-06,6858.0,6939.8,6830.0,6892.4,6848.73,756038.0,6601.3099999999995,6817.316499999998,6742.156800000009,0.010785681078568032
MARUTI.NS,2020-10-07,6920.0,7070.0,6865.55,7046.9,7002.25,1101895.0,6661.5599999999995,6808.517499999997,6758.455000000008,0.02241583476060538
MARUTI.NS,2020-10-08,7090.0,7140.0,7021.0,7079.85,7035.0,851141.0,6719.048999999999,6801.790499999997,6777.331600000009,0.004677068085258362
MARUTI.NS,2020-10-09,7060.0,7159.0,7001.0,7062.4,7017.66,839545.0,6795.034999999999,6793.381999999998,6794.280800000008,-0.002464818763326271
MARUTI.NS,2020-10-12,7110.0,7155.0,7005.0,7136.65,7091.44,799570.0,6858.526,6790.552499999998,6812.757800000008,0.010513476001972055
MARUTI.NS,2020-10-13,7135.0,7185.0,7022.0,7032.9,6988.34,819372.0,6891.306999999999,6785.784999999998,6831.094000000007,-0.014538655054544547
MARUTI.NS,2020-10-14,7040.0,7075.0,6927.45,7002.35,6957.99,779580.0,6917.103,6783.278499999998,6845.007200000006,-0.004342948396901192
MARUTI.NS,2020-10-15,7029.0,7049.9,6857.7,6892.6,6848.93,681162.0,6931.923,6775.063499999997,6853.444000000006,-0.015674066792277563
MARUTI.NS,2020-10-16,6895.0,6980.0,6863.0,6894.9,6851.22,657860.0,6941.721,6765.576499999997,6861.345600000005,0.000334358797651646
MARUTI.NS,2020-10-19,6975.0,6980.0,6825.0,6851.95,6808.54,548428.0,6945.009999999999,6759.971999999997,6865.966000000004,-0.006229547438266536
MARUTI.NS,2020-10-20,6817.0,6949.0,6810.0,6844.6,6801.24,659686.0,6940.261,6770.785499999996,6871.8210000000045,-0.0010721828762113583
MARUTI.NS,2020-10-21,6904.0,6947.6,6764.65,6861.85,6818.38,911843.0,6921.874000000001,6791.716999999997,6877.225200000004,0.0025201286824168
MARUTI.NS,2020-10-22,6828.0,6860.0,6775.2,6811.55,6768.4,584368.0,6895.214,6807.131499999998,6880.0324000000055,-0.007330186935899818
MARUTI.NS,2020-10-23,6858.0,7124.7,6832.0,7103.25,7058.25,1758706.0,6899.272999999999,6847.153999999998,6887.417400000006,0.042824005673423704
MARUTI.NS,2020-10-26,7100.0,7161.3,6935.05,7054.8,7010.1,1558006.0,6891.139,6874.832499999999,6896.690200000005,-0.006821804271597065
MARUTI.NS,2020-10-27,7067.0,7209.75,7053.0,7158.4,7113.05,1461737.0,6903.610000000001,6897.458499999998,6904.440800000004,0.014685953124777162
MARUTI.NS,2020-10-28,7194.95,7332.0,7110.0,7186.05,7140.52,1645050.0,6921.863,6919.482999999997,6910.262600000005,0.0038619157745272137
MARUTI.NS,2020-10-29,7114.0,7199.0,6986.7,7117.7,7072.61,1434729.0,6944.231,6938.076999999996,6912.794600000005,-0.009510511839473934
MARUTI.NS,2020-10-30,7079.05,7110.0,6881.0,6965.15,6921.02,1359994.0,6951.211,6946.465999999996,6912.604800000005,-0.021433388805546905
MARUTI.NS,2020-11-02,7044.9,7053.4,6850.0,6868.35,6824.84,1058593.0,6952.841,6948.925499999996,6910.525200000005,-0.013896795559036113
MARUTI.NS,2020-11-03,6940.0,6963.25,6852.45,6913.35,6869.55,926412.0,6959.6720000000005,6949.966499999995,6907.163600000004,0.0065510693290977695
MARUTI.NS,2020-11-04,6913.35,7054.0,6909.5,6954.05,6909.99,901269.0,6968.8330000000005,6945.353499999995,6904.065200000005,0.005886848483525053
MARUTI.NS,2020-11-05,7020.0,7104.9,6979.65,7092.8,7047.86,842971.0,6996.779,6945.996499999994,6905.7374000000045,0.01995227200039351
MARUTI.NS,2020-11-06,7092.0,7135.0,6890.0,6907.6,6863.84,1377944.0,6977.338000000001,6938.305499999993,6901.953600000004,-0.026110053264395083
MARUTI.NS,2020-11-09,6989.95,7032.6,6815.0,6872.15,6828.61,1478961.0,6959.189,6925.1639999999925,6897.344000000004,-0.005132695400825282
MARUTI.NS,2020-11-10,6973.1,6974.0,6761.45,6793.45,6750.41,1695028.0,6922.925,6913.267499999993,6896.419800000003,-0.011451818159186056
MARUTI.NS,2020-11-11,6859.0,6904.0,6753.1,6857.35,6813.91,1481701.0,6890.264,6906.063499999994,6895.460000000003,0.00940683602921899
MARUTI.NS,2020-11-12,6857.0,6930.0,6792.0,6836.85,6793.54,1417549.0,6862.356999999999,6903.293999999994,6893.792800000001,-0.002989473004486376
MARUTI.NS,2020-11-13,6880.0,6880.0,6786.0,6809.25,6766.11,970451.0,6846.865999999999,6899.038499999993,6888.5592000000015,-0.004037659305752284
MARUTI.NS,2020-11-17,6865.0,6996.9,6863.0,6981.45,6937.22,1242439.0,6858.103999999999,6905.4724999999935,6884.4126000000015,0.025289272565772736
MARUTI.NS,2020-11-18,6979.95,7070.0,6948.0,7054.3,7009.61,1399667.0,6872.109999999999,6915.890999999993,6881.335200000001,0.010435015755590804
MARUTI.NS,2020-11-19,7031.0,7130.0,6915.2,6963.3,6919.18,1305144.0,6873.0289999999995,6920.930999999992,6876.154200000002,-0.012900860390235636
MARUTI.NS,2020-11-20,6959.55,7020.0,6904.0,6965.85,6921.72,922930.0,6860.414999999999,6928.5969999999925,6871.197800000002,0.0003670955228798345
MARUTI.NS,2020-11-23,7040.0,7044.0,6932.6,6987.75,6943.48,735490.0,6868.378999999999,6922.858499999993,6866.350800000001,0.0031437272816581263
MARUTI.NS,2020-11-24,7050.0,7209.0,7050.0,7158.4,7113.05,1909870.0,6896.822999999999,6928.005999999992,6865.6512,0.02442147165398345
MARUTI.NS,2020-11-25,7250.0,7252.35,7017.0,7055.7,7011.0,947532.0,6922.882,6922.903499999993,6864.1974,-0.014346869486366653
MARUTI.NS,2020-11-26,7080.0,7098.0,6903.0,6994.25,6949.94,1068837.0,6936.484999999999,6913.3744999999935,6863.0338,-0.00870917130223936
MARUTI.NS,2020-11-27,7040.3,7111.0,6930.0,7035.8,6991.23,2121442.0,6956.253999999999,6909.305499999995,6862.5938,0.005941058483958095
MARUTI.NS,2020-12-01,7141.8,7141.8,6975.2,7101.7,7056.71,1076534.0,6985.314,6916.089999999995,6862.9088,0.009366019999342168
MARUTI.NS,2020-12-02,7110.0,7220.0,7105.0,7206.5,7160.84,1106331.0,7007.6759999999995,6932.889999999995,6867.713000000001,0.014756168242707979
MARUTI.NS,2020-12-03,7250.0,7782.85,7249.6,7739.1,7690.07,3846481.0,7075.721999999999,6973.915999999996,6889.815000000001,0.07390613391724976
MARUTI.NS,2020-12-04,7798.0,7882.65,7641.25,7803.15,7753.71,2393245.0,7159.175,7016.101999999996,6916.894200000002,0.008275607374185201
MARUTI.NS,2020-12-07,7828.8,7835.0,7690.0,7743.4,7694.34,1037097.0,7236.437,7048.425999999997,6941.578800000002,-0.007656979691012422
MARUTI.NS,2020-12-08,7748.0,8013.15,7700.0,7762.7,7713.52,1885000.0,7313.441000000001,7090.909999999996,6970.693200000003,0.0024927414177173812
MARUTI.NS,2020-12-09,7775.0,7799.95,7692.0,7709.25,7660.41,822514.0,7368.177000000001,7132.499999999997,6994.770800000002,-0.006885313060703835
MARUTI.NS,2020-12-10,7760.0,7850.0,7710.0,7736.0,7686.99,1185914.0,7435.776000000001,7179.328999999996,7015.300000000001,0.0034697881706069467
MARUTI.NS,2020-12-11,7779.95,7795.7,7700.0,7733.55,7684.55,706820.0,7509.237000000001,7222.860999999995,7034.990400000001,-0.000317419432053323
MARUTI.NS,2020-12-14,7810.0,7825.0,7655.0,7696.8,7648.04,1038020.0,7574.918000000001,7265.585999999996,7053.9366,-0.004751091475753366
MARUTI.NS,2020-12-15,7696.8,7790.0,7640.55,7765.25,7716.05,891485.0,7640.852000000001,7313.082999999996,7073.192800000001,0.008892474411744677
MARUTI.NS,2020-12-16,7820.0,7899.0,7770.0,7796.35,7746.96,963473.0,7699.464000000002,7353.569999999995,7092.619000000001,0.00400593567952523
MARUTI.NS,2020-12-17,7799.9,7831.9,7625.0,7694.0,7645.26,733904.0,7694.983000000002,7385.352499999996,7108.549600000001,-0.013127730103163038
MARUTI.NS,2020-12-18,7714.0,7727.0,7541.75,7559.75,7511.86,1077665.0,7670.798000000001,7414.986499999996,7118.741800000001,-0.0174487198604103
MARUTI.NS,2020-12-21,7560.0,7599.0,7278.1,7376.1,7329.37,970250.0,7634.301000000001,7435.368999999996,7124.6292,-0.024293583746235914
MARUTI.NS,2020-12-22,7380.0,7438.0,7205.1,7395.4,7348.55,1138045.0,7597.804000000001,7455.622499999995,7131.247,0.0026168688441161603
MARUTI.NS,2020-12-23,7400.4,7555.6,7394.0,7449.95,7402.75,951739.0,7572.0380000000005,7470.1074999999955,7137.4732,0.007375604711133521
MARUTI.NS,2020-12-24,7507.25,7532.75,7414.2,7446.05,7398.88,589105.0,7543.227000000001,7489.501499999996,7145.684,-0.000522778697105819
MARUTI.NS,2020-12-28,7465.0,7543.0,7454.0,7483.0,7435.59,521164.0,7518.331,7513.783999999995,7155.236000000001,0.0049615617498863784
MARUTI.NS,2020-12-29,7520.0,7545.0,7418.3,7452.35,7405.14,538623.0,7494.041,7534.479499999996,7166.360200000001,-0.004095169314069169
MARUTI.NS,2020-12-30,7497.0,7635.0,7430.0,7612.9,7564.67,1029398.0,7478.903,7559.877499999997,7180.629200000001,0.02154314435648752
MARUTI.NS,2020-12-31,7614.65,7697.0,7580.0,7649.6,7601.14,908443.0,7464.320999999999,7581.892499999997,7196.481200000002,0.004821095963208011
MARUTI.NS,2021-01-01,7654.0,7748.5,7650.0,7691.3,7642.57,767243.0,7464.052000000001,7579.517499999997,7213.307800000002,0.005450498214741417
MARUTI.NS,2021-01-04,7739.0,7755.2,7642.6,7702.3,7653.5,598464.0,7478.216,7574.506999999998,7230.010200000002,0.0014301471887074868
MARUTI.NS,2021-01-05,7660.0,7673.0,7586.0,7655.45,7606.95,562538.0,7505.974,7570.137499999999,7246.781200000002,-0.0060821846214150765
MARUTI.NS,2021-01-06,7654.0,7749.0,7555.5,7628.6,7580.27,840589.0,7529.146000000001,7563.4749999999985,7257.221600000003,-0.0035073189648938685
MARUTI.NS,2021-01-07,7676.0,7704.4,7552.1,7566.05,7518.12,642784.0,7540.683,7556.360499999998,7267.382000000003,-0.008198916397437084
MARUTI.NS,2021-01-08,7600.0,8060.0,7600.0,8014.9,7964.12,2556922.0,7597.206999999999,7570.216999999999,7284.403400000003,0.05932334147366625
MARUTI.NS,2021-01-11,8099.0,8288.0,7882.4,8232.75,8180.59,2181613.0,7671.706999999999,7595.018999999998,7305.204800000003,0.02718065523874591
MARUTI.NS,2021-01-12,8161.0,8329.0,8140.0,8188.05,8136.17,1513899.0,7744.8099999999995,7619.425499999999,7326.476000000003,-0.005429926203366797
MARUTI.NS,2021-01-13,8188.0,8250.0,8111.0,8139.85,8088.28,877169.0,7797.170999999999,7638.036999999999,7349.821200000003,-0.0058860618694054345
MARUTI.NS,2021-01-14,8164.8,8180.0,8023.45,8149.45,8097.82,718067.0,7846.839,7655.58,7375.280800000003,0.0011794843897590113
MARUTI.NS,2021-01-15,8157.15,8219.5,8000.05,8024.75,7973.91,751094.0,7879.973000000001,7672.0125,7397.368000000003,-0.015301649085803337
MARUTI.NS,2021-01-18,8011.0,8023.95,7745.0,7830.65,7781.04,770657.0,7892.727000000001,7685.4715000000015,7414.7890000000025,-0.024187631914581398
MARUTI.NS,2021-01-19,7900.0,7990.3,7835.0,7922.6,7872.41,779853.0,7919.273000000001,7712.6235000000015,7431.2800000000025,0.01174264622723964
MARUTI.NS,2021-01-20,7882.0,8170.0,7860.25,8144.95,8093.35,999173.0,7970.581000000001,7749.863500000002,7455.870200000001,0.028065103316519346
MARUTI.NS,2021-01-21,8205.0,8267.0,8021.45,8076.75,8025.58,768372.0,8021.327000000002,7781.005000000002,7479.809600000002,-0.008373541240648263
MARUTI.NS,2021-01-22,8085.0,8308.0,8000.0,8048.85,7997.86,1172570.0,8024.701000000003,7810.954000000001,7504.758600000002,-0.0034539559757674754
MARUTI.NS,2021-01-25,8117.0,8164.7,7950.1,7981.5,7930.93,752908.0,7999.735000000003,7835.7210000000005,7527.099000000003,-0.008368488570692612
MARUTI.NS,2021-01-27,7992.95,8090.0,7820.5,7870.9,7821.03,1080206.0,7968.221000000003,7856.5154999999995,7547.648800000004,-0.013857139074484381
MARUTI.NS,2021-01-28,7840.0,7984.55,7562.0,7588.5,7540.42,2084515.0,7913.435000000003,7855.303,7563.135000000004,-0.03587890597529986
MARUTI.NS,2021-01-29,7685.0,7685.0,7170.0,7206.65,7160.99,3069481.0,7819.752000000005,7833.295499999998,7567.610400000004,-0.05031947822535088
MARUTI.NS,2021-02-01,7265.2,7475.0,7152.0,7399.8,7352.92,1610958.0,7757.653000000004,7818.812999999999,7574.476600000004,0.026802160036531353
MARUTI.NS,2021-02-02,7534.9,7769.75,7490.15,7654.7,7606.2,1700520.0,7740.169000000004,7816.447999999999,7588.217000000004,0.03444617920499615
MARUTI.NS,2021-02-03,7680.0,7716.45,7475.85,7589.2,7541.12,1491284.0,7707.040000000004,7813.156499999999,7600.605000000005,-0.00855617785490781
MARUTI.NS,2021-02-04,7600.0,7765.0,7529.05,7640.0,7591.6,1197788.0,7656.865000000003,7813.723,7613.567400000004,0.006693965883051822
MARUTI.NS,2021-02-05,7680.0,7736.0,7461.0,7494.15,7446.67,1127634.0,7598.974000000004,7810.150500000001,7620.239800000005,-0.01909083724116134
MARUTI.NS,2021-02-08,7515.0,7638.0,7474.5,7574.6,7526.61,912056.0,7551.849000000004,7788.275,7630.552000000004,0.010734999670993783
MARUTI.NS,2021-02-09,7581.0,7680.0,7574.0,7627.05,7578.73,924930.0,7516.6290000000035,7758.182000000001,7643.127800000004,0.006924764269704342
MARUTI.NS,2021-02-10,7605.2,7674.9,7506.05,7621.7,7573.41,1015433.0,7491.867000000004,7730.044,7654.771400000003,-0.0007019645771784155
MARUTI.NS,2021-02-11,7600.0,7744.0,7567.65,7667.35,7618.77,818632.0,7499.702000000005,7706.568499999999,7666.012600000004,0.005989375987831114
MARUTI.NS,2021-02-12,7620.1,7675.0,7525.9,7568.5,7520.55,756399.0,7535.658000000005,7677.704999999999,7673.206800000003,-0.012891844746592995
MARUTI.NS,2021-02-15,7600.0,7649.1,7580.0,7596.65,7548.52,470009.0,7555.218000000005,7656.435499999998,7670.375800000003,0.0037191428818370564
MARUTI.NS,2021-02-16,7639.0,7799.0,7625.25,7697.05,7648.29,1320989.0,7559.427000000005,7649.797999999998,7668.267400000002,0.013217160449995324
MARUTI.NS,2021-02-17,7679.95,7691.5,7471.3,7503.2,7455.66,1022895.0,7550.881000000006,7628.960499999998,7663.493800000001,-0.025186021973539252
MARUTI.NS,2021-02-18,7574.85,7579.05,7460.0,7497.55,7450.05,821237.0,7536.726000000005,7596.795499999997,7658.224400000001,-0.0007524484753864691
MARUTI.NS,2021-02-19,7448.0,7486.4,7285.0,7323.0,7276.61,1013773.0,7519.720000000006,7559.346999999997,7650.548400000001,-0.023280380668586176
MARUTI.NS,2021-02-22,7323.0,7325.0,7056.0,7086.45,7041.55,1501568.0,7471.214000000005,7511.531499999997,7637.6396,-0.03230350396681969
MARUTI.NS,2021-02-23,7118.8,7122.35,6938.0,6970.5,6926.34,1589467.0,7405.975000000006,7461.301999999998,7622.475400000001,-0.016361454509305484
MARUTI.NS,2021-02-24,6905.0,7036.0,6877.5,6970.5,6908.9,1003831.0,7339.524000000005,7415.695499999997,7607.692600000002,-0.002517924329443866
MARUTI.NS,2021-02-25,7065.0,7069.0,6915.0,6930.35,6886.44,1738447.0,7266.291000000005,7382.996499999997,7591.100400000003,-0.003250879300612297
MARUTI.NS,2021-02-26,6900.0,7075.0,6822.2,6866.15,6822.65,2686902.0,7196.501000000004,7366.079499999997,7572.614200000003,-0.009263131603557184
MARUTI.NS,2021-03-01,6977.0,7032.85,6917.05,7015.0,6970.56,1417511.0,7138.705000000004,7346.961499999996,7559.120200000002,0.021679259525257955
MARUTI.NS,2021-03-02,7060.0,7235.0,7030.0,7214.1,7168.4,1394958.0,7090.716000000003,7325.0714999999955,7552.251000000003,0.028382224670614686
MARUTI.NS,2021-03-03,7245.6,7262.3,7101.2,7124.7,7079.56,795937.0,7053.1060000000025,7301.993499999995,7547.254800000003,-0.01239328162490927
MARUTI.NS,2021-03-04,7080.0,7175.2,7011.0,7131.6,7086.42,905932.0,7016.743000000002,7276.734499999996,7542.012200000003,0.0009689867731892399
MARUTI.NS,2021-03-05,7130.0,7315.0,7070.0,7249.0,7203.07,1820863.0,7009.389000000003,7264.554499999996,7538.018600000003,0.016461062144213834
MARUTI.NS,2021-03-08,7264.9,7338.8,7216.0,7259.5,7213.51,977298.0,7026.585000000002,7248.899499999997,7534.311200000004,0.0014493819996197477
MARUTI.NS,2021-03-09,7329.4,7329.4,7256.0,7301.55,7255.29,678289.0,7059.480000000001,7232.727499999996,7530.705200000002,0.005791909902391534
MARUTI.NS,2021-03-10,7320.0,7387.0,7251.0,7272.1,7226.03,658782.0,7091.193000000002,7215.358499999997,7527.123000000003,-0.004032919428444637
MARUTI.NS,2021-03-12,7300.0,7313.0,7061.4,7096.2,7051.24,946218.0,7107.6730000000025,7186.981999999996,7516.854400000003,-0.02418893915469489
MARUTI.NS,2021-03-15,7145.0,7162.95,7011.0,7089.3,7044.39,700066.0,7129.847000000003,7163.173999999997,7505.719400000003,-0.0009714603388906173
MARUTI.NS,2021-03-16,7100.0,7200.0,7100.0,7150.3,7105.0,796198.0,7143.291000000003,7140.997999999998,7494.968000000003,0.008604009715532435
MARUTI.NS,2021-03-17,7160.0,7169.95,7043.5,7064.65,7019.89,688332.0,7128.440000000004,7109.577999999999,7482.2958000000035,-0.0119788881069669
MARUTI.NS,2021-03-18,7125.0,7242.0,7060.0,7113.75,7068.68,984190.0,7127.352000000004,7090.2289999999975,7471.530400000002,0.006950251357215054
MARUTI.NS,2021-03-19,7059.95,7149.95,6905.5,7113.55,7068.48,838262.0,7125.5580000000045,7071.150499999999,7461.294600000002,-2.829382572144823e-05
MARUTI.NS,2021-03-22,7104.0,7142.5,7050.2,7101.25,7056.26,533687.0,7110.877000000005,7060.133,7452.057400000002,-0.001728801665987545
MARUTI.NS,2021-03-23,7138.0,7225.0,7130.0,7186.25,7140.72,757541.0,7103.598000000005,7065.0915,7435.589400000002,0.011969513595020631
MARUTI.NS,2021-03-24,7136.0,7158.4,7049.95,7066.2,7021.43,456925.0,7080.212000000007,7069.8460000000005,7412.406200000001,-0.016705598315015835
MARUTI.NS,2021-03-25,7050.0,7059.0,6755.25,6786.85,6743.85,1337815.0,7031.994000000008,7061.593500000001,7384.559800000001,-0.03953325747034431
MARUTI.NS,2021-03-26,6889.0,6898.95,6771.0,6784.45,6741.47,910843.0,7001.017000000007,7054.345000000001,7357.6236,-0.00035291413658367077
MARUTI.NS,2021-03-30,6811.0,6875.0,6740.0,6851.8,6808.39,1617098400000.0,6977.417000000007,7053.632000000002,7331.835,0.009926618378484298
MARUTI.NS,2021-03-31,6852.3,6939.9,6795.2,6859.2,6815.74,1617184800000.0,6948.491000000007,7045.891000000001,7308.671600000001,0.0010795503782832228
MARUTI.NS,2021-04-01,6950.0,6991.5,6855.0,6923.9,6880.03,1617271195000.0,6934.505000000007,7031.472500000002,7290.651400000002,0.009432578120644353
MARUTI.NS,2021-04-05,6908.5,6908.5,6724.6,6768.55,6725.67,1617616800000.0,6900.204000000007,7013.778000000003,7267.716600000002,-0.022435948680456286
MARUTI.NS,2021-04-06,6818.25,6846.95,6720.0,6751.3,6708.53,1617703200.0,6864.209000000007,6994.883500000002,7240.020200000003,-0.0025484449876369553
MARUTI.NS,2021-04-07,6790.0,6885.0,6775.05,6865.0,6821.51,1617789599.0,6840.734000000007,6975.805500000002,7215.938800000003,0.016841245399513927
MARUTI.NS,2021-04-08,6881.0,6939.3,6806.85,6826.85,6783.6,1617875999.0,6805.022000000007,6954.310000000002,7191.653600000002,-0.005557420571105198
MARUTI.NS,2021-04-09,6850.0,6875.25,6778.0,6827.1,6783.85,641169.0,6781.264000000007,6930.738000000002,7168.712000000002,3.685358806526651e-05
MARUTI.NS,2021-04-12,6739.85,6739.85,6502.15,6520.6,6479.29,1020620.0,6754.808000000006,6893.401000000003,7141.877200000001,-0.044894860588014285
MARUTI.NS,2021-04-13,6520.0,6845.4,6468.8,6815.8,6772.62,995547.0,6757.923000000005,6879.470000000003,7126.521200000001,0.04527193565961696
MARUTI.NS,2021-04-15,6846.6,6846.85,6551.0,6644.25,6602.16,1267172.0,6737.300000000006,6857.358500000002,7115.3446,-0.02516898925378952
MARUTI.NS,2021-04-16,6675.0,6784.85,6606.05,6648.1,6605.98,1000325.0,6716.324000000005,6832.407500000003,7100.4058,0.0005785985192723331
MARUTI.NS,2021-04-19,6500.35,6530.0,6415.0,6511.75,6470.5,771930.0,6675.371000000005,6804.938000000002,7077.6918000000005,-0.020508690610628433
MARUTI.NS,2021-04-20,6615.0,6678.7,6558.55,6646.65,6604.54,913908.0,6663.258000000004,6781.7310000000025,7058.9602,0.020715555212116543
MARUTI.NS,2021-04-22,6625.95,6674.9,6545.0,6650.1,6607.97,667680.0,6653.202000000005,6758.705500000002,7039.2876,0.0005193397269152022
MARUTI.NS,2021-04-23,6560.0,6714.7,6560.0,6676.1,6633.8,709235.0,6634.431000000006,6737.582500000001,7023.0302,0.003908916051374334
MARUTI.NS,2021-04-26,6690.2,6789.0,6600.0,6638.9,6596.84,937231.0,6615.755000000005,6710.388500000001,7004.434800000001,-0.005571467333956415
MARUTI.NS,2021-04-27,6669.95,6709.0,6542.0,6568.75,6527.13,1609885.0,6590.083000000004,6685.673500000002,6983.402800000002,-0.010567180650129515
MARUTI.NS,2021-04-28,6568.75,6650.0,6545.0,6573.8,6532.15,1406072.0,6595.369000000004,6675.088500000001,6962.577600000002,0.000769097597259405
MARUTI.NS,2021-04-29,6635.0,6647.45,6552.0,6565.65,6524.05,756668.0,6570.512000000005,6664.217500000001,6940.683200000002,-0.001240020513919582
MARUTI.NS,2021-04-30,6537.1,6559.6,6421.0,6455.65,6414.75,849748.0,6551.771000000005,6644.5355,6918.567200000002,-0.01675339704631329
MARUTI.NS,2021-05-03,6430.0,6622.0,6400.0,6597.85,6556.05,834785.0,6546.778000000006,6631.5509999999995,6898.717800000001,0.022027358821466114
MARUTI.NS,2021-05-04,6639.95,6648.5,6482.0,6508.25,6467.02,507064.0,6546.430000000006,6610.900499999999,6875.092400000002,-0.013579823216723463
MARUTI.NS,2021-05-05,6557.7,6599.0,6483.0,6590.1,6548.35,499048.0,6540.811000000007,6602.034499999999,6856.946200000002,0.012576116975051788
MARUTI.NS,2021-05-06,6590.0,6709.0,6575.7,6666.65,6624.41,520074.0,6542.455000000006,6597.828499999999,6840.433400000002,0.011615139691677934
MARUTI.NS,2021-05-07,6679.0,6754.55,6640.0,6703.05,6660.58,604860.0,6545.133000000006,6589.781999999997,6828.112800000003,0.005460108900264382
MARUTI.NS,2021-05-10,6675.2,6773.15,6660.1,6764.0,6721.15,541534.0,6557.564000000006,6586.659499999997,6821.704800000003,0.009093802641811921
MARUTI.NS,2021-05-11,6680.15,6749.0,6660.25,6736.65,6693.97,406046.0,6574.248000000005,6582.165499999997,6817.057400000002,-0.004043950811988939
MARUTI.NS,2021-05-12,6730.0,6840.0,6685.0,6817.55,6774.36,769942.0,6598.469000000006,6596.918999999996,6814.366600000001,0.012009315846948754
MARUTI.NS,2021-05-14,6840.0,6842.15,6700.2,6736.4,6693.72,647029.0,6615.436000000006,6592.9739999999965,6810.512200000001,-0.011903707508901129
MARUTI.NS,2021-05-17,6716.5,6838.4,6697.55,6717.85,6675.29,995827.0,6641.490000000005,6596.630499999997,6807.565,-0.002753326999037964
MARUTI.NS,2021-05-18,6788.0,6864.0,6715.45,6811.1,6767.95,805528.0,6662.680000000005,6604.728999999997,6803.5128,0.013881044868462533
MARUTI.NS,2021-05-19,6799.0,6854.95,6760.3,6771.0,6732.97,432314.0,6689.275000000004,6617.852499999996,6794.8042,-0.005168477899511581
MARUTI.NS,2021-05-20,6780.8,6814.7,6729.5,6737.85,6695.16,470174.0,6703.956000000004,6622.383499999996,6787.116199999999,-0.005615649557327629
MARUTI.NS,2021-05-21,6780.0,6835.5,6744.25,6814.65,6771.48,434106.0,6718.663000000003,6630.558999999997,6780.817399999999,0.011399279479504587
MARUTI.NS,2021-05-24,6802.0,6965.0,6802.0,6871.6,6828.07,1027484.0,6735.412000000004,6640.272499999997,6773.317399999999,0.008357109524062656
MARUTI.NS,2021-05-25,6939.95,6948.0,6888.0,6911.8,6868.01,438586.0,6750.098000000004,6653.830999999998,6766.407399999999,0.005849383500755145
MARUTI.NS,2021-05-26,6926.0,7051.0,6912.0,7034.3,6989.73,691574.0,6779.674000000004,6676.960999999998,6761.096199999999,0.01772274647241323
MARUTI.NS,2021-05-27,7022.0,7069.0,6951.15,6968.9,6924.75,921795.0,6794.713000000003,6696.5909999999985,6755.070599999998,-0.009296496431192569
MARUTI.NS,2021-05-28,6988.6,7047.0,6940.5,6970.0,6925.84,393474.0,6817.925000000003,6716.6804999999995,6752.562599999999,0.00015740640456329835
MARUTI.NS,2021-05-31,6955.0,7100.0,6924.05,7086.3,7041.4,717966.0,6854.536000000003,6748.012999999999,6752.502799999999,0.01668534069513572
MARUTI.NS,2021-06-01,7107.55,7143.0,7047.05,7091.15,7046.22,642532.0,6882.363000000003,6772.5215,6751.327199999999,0.0006845229641834205
MARUTI.NS,2021-06-02,7063.45,7197.7,7063.45,7184.7,7139.18,598774.0,6922.984000000002,6806.1295,6753.712999999998,0.013192889237066074
MARUTI.NS,2021-06-03,7200.0,7230.0,7165.05,7202.0,7163.82,400893.0,6969.850000000003,6836.903,6755.615799999999,0.0034513767687605057
MARUTI.NS,2021-06-04,7200.0,7272.0,7153.1,7219.5,7168.99,575549.0,7009.601000000004,6864.132,6757.625999999998,0.0007216820076438868
MARUTI.NS,2021-06-07,7221.0,7328.85,7211.1,7275.65,7229.56,520405.0,7049.750000000003,6892.581,6761.091999999999,0.008448888895088436
MARUTI.NS,2021-06-08,7317.5,7366.45,7295.2,7336.75,7290.27,538816.0,7091.976000000004,6921.036999999999,6764.083,0.008397468172336886
MARUTI.NS,2021-06-09,7310.2,7339.2,7200.0,7239.0,7193.14,443717.0,7112.317000000005,6945.9955,6767.517199999999,-0.013323237685298417
MARUTI.NS,2021-06-10,7258.0,7279.45,7174.05,7199.9,7154.29,277865.0,7135.271000000003,6964.992000000001,6775.726,-0.005400979266356631
MARUTI.NS,2021-06-11,7244.0,7244.0,7186.4,7223.8,7178.03,253572.0,7160.490000000003,6989.207500000001,6784.457200000001,0.0033182887470315503
MARUTI.NS,2021-06-14,7195.0,7212.95,7095.05,7177.85,7132.38,322331.0,7169.588000000005,7012.062000000001,6790.937000000001,-0.006359683645791314
MARUTI.NS,2021-06-15,7181.15,7228.85,7156.3,7166.25,7120.85,207464.0,7177.051000000005,7029.707,6797.0392,-0.0016165711866165111
MARUTI.NS,2021-06-16,7166.0,7193.75,7070.0,7114.25,7069.18,282937.0,7170.051000000007,7046.5175,6800.8222,-0.007256156217305576
MARUTI.NS,2021-06-17,7166.0,7099.1,6931.1,6969.35,6925.2,595044.0,7146.189000000008,7058.0195,6804.812800000001,-0.020367284465807933
MARUTI.NS,2021-06-18,6989.85,6989.85,6821.0,6959.35,6915.26,797201.0,7120.816000000006,7065.208500000001,6808.9474,-0.00143533760757808
MARUTI.NS,2021-06-21,6870.0,6925.0,6842.0,6899.9,6856.19,443580.0,7083.479000000007,7066.614500000001,6809.641,-0.0085419781758026
MARUTI.NS,2021-06-22,6940.0,7299.95,6930.0,7265.4,7219.37,1757052.0,7076.389000000006,7084.1825,6818.356400000001,0.05297111077726857
MARUTI.NS,2021-06-23,7266.1,7479.0,7240.05,7432.7,7385.61,2227286.0,7095.636000000006,7103.976499999999,6830.3916,0.023026940023852527
MARUTI.NS,2021-06-24,7448.8,7550.0,7410.1,7527.45,7479.76,1041645.0,7128.183000000006,7131.726999999999,6850.401000000001,0.012747762202445001
MARUTI.NS,2021-06-25,7540.0,7665.0,7540.0,7649.0,7600.54,1216104.0,7170.434000000006,7165.4619999999995,6866.959400000001,0.016147576927601826
MARUTI.NS,2021-06-28,7698.0,7698.0,7571.4,7596.25,7548.12,433311.0,7212.008000000004,7190.798,6885.878600000001,-0.006896878379694105
MARUTI.NS,2021-06-29,7596.0,7601.0,7452.55,7487.5,7440.06,480153.0,7243.929000000004,7210.49,6902.560200000002,-0.014316147597017492
MARUTI.NS,2021-06-30,7505.5,7646.6,7492.6,7515.9,7468.28,729174.0,7283.8390000000045,7226.945,6922.515800000002,0.0037929801641383154
MARUTI.NS,2021-07-01,7500.0,7605.0,7495.05,7584.4,7536.35,584223.0,7344.954000000005,7245.5715,6941.152000000002,0.009114548463635685
MARUTI.NS,2021-07-02,7625.0,7634.5,7546.55,7573.85,7525.87,434627.0,7406.015000000005,7263.4155,6959.510000000002,-0.0013905935897351451
MARUTI.NS,2021-07-05,7625.0,7690.0,7583.0,7599.45,7551.3,484138.0,7475.526000000005,7279.5025,6977.860000000002,0.0033790113302516467
MARUTI.NS,2021-07-06,7625.0,7657.95,7487.45,7514.95,7467.34,424954.0,7500.323000000006,7288.356,6995.270000000002,-0.011118615337756377
MARUTI.NS,2021-07-07,7625.0,7581.0,7433.65,7449.4,7402.2,395136.0,7501.982000000005,7298.808999999999,7012.771400000002,-0.008723320486277664
MARUTI.NS,2021-07-08,7455.0,7498.0,7385.0,7401.2,7354.31,391797.0,7489.437000000005,7308.8099999999995,7029.214600000002,-0.0064696981978330514
MARUTI.NS,2021-07-09,7381.0,7447.9,7343.4,7425.7,7378.66,400432.0,7467.249000000006,7318.8414999999995,7046.306800000002,0.003310983627287767
MARUTI.NS,2021-07-12,7500.0,7589.8,7451.05,7470.1,7422.77,496253.0,7454.714000000007,7333.360999999999,7066.467200000002,0.005978050215079689
MARUTI.NS,2021-07-13,7520.0,7529.2,7404.0,7430.35,7383.28,349925.0,7449.036000000007,7346.482499999998,7083.011800000003,-0.005320116344706971
MARUTI.NS,2021-07-14,7436.0,7449.0,7310.0,7326.75,7280.33,459800.0,7430.241000000007,7357.039999999998,7099.278000000003,-0.013943667313172425
MARUTI.NS,2021-07-15,7357.0,7358.0,7268.0,7307.0,7260.71,429972.0,7402.677000000008,7373.815499999997,7113.525200000004,-0.0026949327846402804
MARUTI.NS,2021-07-16,7333.0,7333.0,7272.8,7303.55,7257.28,281465.0,7375.818000000008,7390.916499999997,7126.182600000005,-0.0004724055911887737
MARUTI.NS,2021-07-19,7251.7,7297.0,7151.1,7165.55,7120.15,386511.0,7332.703000000007,7404.114499999996,7135.374000000005,-0.018895509061246152
MARUTI.NS,2021-07-20,7180.0,7265.0,7144.45,7232.7,7186.88,413496.0,7304.657000000008,7402.489999999996,7144.688600000005,0.009371993567551362
MARUTI.NS,2021-07-22,7302.0,7325.0,7246.3,7299.55,7253.3,439800.0,7289.767000000009,7395.874499999996,7155.875200000005,0.009241840687475023
MARUTI.NS,2021-07-23,7300.0,7375.0,7277.0,7293.85,7247.64,436126.0,7279.100000000009,7384.2684999999965,7165.340800000005,-0.0007803344684488289
MARUTI.NS,2021-07-26,7307.0,7360.0,7180.0,7235.8,7189.96,431740.0,7260.230000000009,7363.739499999996,7175.265600000006,-0.007958452682528372
MARUTI.NS,2021-07-27,7241.3,7320.0,7160.85,7240.25,7194.38,416913.0,7237.391000000009,7346.052499999996,7185.647400000007,0.0006147461181982283
MARUTI.NS,2021-07-28,7280.0,7312.0,7063.0,7165.05,7119.66,738308.0,7211.02900000001,7330.032499999997,7192.681600000006,-0.01038588453765299
MARUTI.NS,2021-07-29,7130.0,7130.0,6936.0,6993.5,6949.19,1518907.0,7177.91500000001,7304.077999999997,7197.006000000007,-0.023943559102541423
MARUTI.NS,2021-07-30,7000.0,7095.0,6964.9,6977.7,6933.49,715232.0,7145.193000000009,7273.934999999996,7201.7726000000075,-0.002259256114741426
MARUTI.NS,2021-08-02,7100.0,7107.45,7031.0,7076.95,7032.11,433576.0,7122.6760000000095,7249.246999999996,7206.985200000007,0.014223717060239505
MARUTI.NS,2021-08-03,7124.95,7221.0,7086.1,7199.4,7153.79,470008.0,7126.04000000001,7229.371499999997,7213.4996000000065,0.017303483591695867
MARUTI.NS,2021-08-04,7220.0,7248.6,7003.5,7102.9,7057.9,484013.0,7113.142000000009,7208.899499999997,7217.297400000007,-0.013404083709474324
MARUTI.NS,2021-08-05,7220.0,7079.95,7006.0,7027.55,7027.55,495091.0,7090.567000000008,7190.166999999996,7218.053800000007,-0.0043001459357598915
MARUTI.NS,2021-08-06,7220.0,7168.5,7042.55,7100.8,7100.8,517480.0,7075.883000000009,7177.491499999995,7221.574800000007,0.010423262730254512
MARUTI.NS,2021-08-09,7135.0,7165.0,7038.0,7081.75,7081.75,264983.0,7065.062000000008,7162.645999999995,7224.693000000007,-0.0026827963046417436
MARUTI.NS,2021-08-10,7045.2,7104.9,7000.0,7000.15,7001.95,243696.0,7045.819000000008,7141.604999999996,7223.904000000006,-0.011268401172026765
MARUTI.NS,2021-08-11,7002.0,7095.0,6925.15,7021.5,7021.5,414188.0,7036.003000000007,7123.515999999996,7223.409600000006,0.002792079349324128
MARUTI.NS,2021-08-12,7022.0,7084.8,6985.0,7012.0,7012.0,330249.0,7042.284000000007,7110.099499999997,7220.866000000006,-0.001352987253435911
MARUTI.NS,2021-08-13,7022.0,7049.9,6973.85,7002.2,7002.2,431643.0,7049.155000000006,7097.173999999997,7217.6336000000065,-0.0013976041072447654
MARUTI.NS,2021-08-16,7022.0,7018.0,6810.0,6826.85,6826.85,750380.0,7028.629000000006,7075.652499999998,7210.790800000006,-0.025042129616406172
MARUTI.NS,2021-08-17,6800.0,6943.0,6746.4,6885.4,6885.4,752517.0,7001.790000000006,7063.914999999998,7203.907600000007,0.008576429832206633
MARUTI.NS,2021-08-18,6943.75,6943.75,6829.1,6907.0,6840.1,156467.0,6980.0100000000075,7046.575999999998,7194.904200000006,-0.006579138466900836
MARUTI.NS,2021-08-20,6815.0,6914.65,6780.0,6853.7,6850.9,520900.0,6962.345000000007,7026.455999999998,7188.0594000000065,0.001578924284732608
MARUTI.NS,2021-08-23,6905.0,6918.0,6801.0,6835.0,6825.9,537227.0,6934.855000000006,7005.368999999997,7181.491600000008,-0.0036491555853975788
MARUTI.NS,2021-08-24,6789.5,6852.0,6740.6,6803.2,6803.2,646702.0,6907.0000000000055,6986.030999999998,7173.995000000007,-0.003325568789463662
MARUTI.NS,2021-08-25,6838.0,6838.0,6700.0,6711.45,6711.45,721759.0,6877.950000000006,6961.884499999998,7165.576400000007,-0.013486300564440223
MARUTI.NS,2021-08-26,6700.0,6701.35,6591.0,6608.6,6608.6,1191401.0,6836.660000000006,6936.331499999998,7155.331400000007,-0.015324557286428342
MARUTI.NS,2021-08-27,6629.75,6694.6,6600.0,6624.85,6624.85,1427731.0,6797.945000000007,6920.114499999999,7146.444800000007,0.0024589171685378552
MARUTI.NS,2021-08-30,6690.0,6810.0,6653.85,6796.9,6796.9,819399.0,6777.415000000006,6913.284999999999,7143.878800000007,0.025970399329795946
MARUTI.NS,2021-08-31,6820.0,6872.0,6763.55,6846.1,6846.1,938326.0,6779.3400000000065,6903.9845000000005,7142.495600000007,0.007238594064941539
MARUTI.NS,2021-09-01,6799.95,6820.0,6726.0,6751.0,6784.9,312284.0,6769.290000000006,6885.539999999999,7141.069800000007,-0.008939396152554124
MARUTI.NS,2021-09-02,6852.7,6858.95,6708.2,6792.9,6792.9,740840.0,6764.570000000005,6872.289999999999,7132.540400000007,0.001179088859084132
MARUTI.NS,2021-09-03,6770.0,6958.0,6751.6,6863.1,6863.1,1195917.0,6765.790000000006,6864.0675,7122.090200000007,0.01033431965728937
MARUTI.NS,2021-09-06,6770.0,6954.0,6838.0,6846.9,6846.9,897223.0,6767.890000000007,6851.3725,7109.433000000007,-0.002360449359618988
MARUTI.NS,2021-09-07,6770.0,6929.9,6853.7,6877.15,6877.15,743746.0,6775.285000000006,6841.1425,7094.965200000009,0.004418057807182851
MARUTI.NS,2021-09-08,6770.0,6858.35,6756.0,6781.25,6781.25,847507.0,6782.265000000007,6830.1075,7079.627800000008,-0.013944730011705375
MARUTI.NS,2021-09-09,6770.0,6818.45,6740.0,6802.25,6802.25,515502.0,6801.6300000000065,6819.1449999999995,7066.871600000009,0.0030967741935483684
MARUTI.NS,2021-09-13,6770.0,6895.45,6813.3,6873.7,6873.7,508324.0,6826.515000000005,6812.2300000000005,7054.980000000008,0.010503877393509553
MARUTI.NS,2021-09-14,6770.0,6955.0,6851.1,6894.45,6894.45,817118.0,6836.270000000006,6806.842500000001,7042.142000000009,0.003018752636862354
MARUTI.NS,2021-09-15,6770.0,6938.0,6880.0,6909.0,6909.0,310068.0,6842.560000000005,6810.95,7029.804600000009,0.0021103931423100963
MARUTI.NS,2021-09-16,6770.0,6949.0,6870.0,6930.95,6930.95,556533.0,6857.165000000005,6813.227500000001,7017.397600000009,0.0031770154870458533
MARUTI.NS,2021-09-17,6955.0,7064.75,6950.0,7014.45,7014.45,980529.0,6879.320000000005,6821.9450000000015,7008.339800000009,0.012047410528138291
MARUTI.NS,2021-09-20,6979.9,7015.45,6906.2,6950.4,6950.4,550304.0,6888.050000000005,6826.920000000001,6999.30380000001,-0.009131150696063184
MARUTI.NS,2021-09-21,6912.5,6939.7,6741.0,6777.0,6777.0,1084918.0,6881.060000000005,6824.475000000001,6987.757600000009,-0.02494820441988943
MARUTI.NS,2021-09-22,6820.0,6846.0,6785.0,6831.0,6831.0,548589.0,6876.445000000005,6825.865000000001,6976.80440000001,0.007968127490039834
MARUTI.NS,2021-09-23,6868.0,6879.9,6821.0,6846.7,6846.7,432740.0,6882.990000000005,6832.6275000000005,6965.283000000009,0.002298345776606592
MARUTI.NS,2021-09-24,6850.0,7037.8,6848.0,6952.25,6952.25,1649962.0,6897.990000000005,6849.81,6956.662400000009,0.015416185899776558
MARUTI.NS,2021-09-27,6974.0,7448.0,6974.0,7403.45,7403.45,2646138.0,6950.965000000006,6888.740000000001,6959.124800000009,0.06489985256571607
MARUTI.NS,2021-09-28,7448.0,7521.55,7333.5,7423.85,7423.85,1346797.0,7003.905000000006,6920.0875000000015,6962.387600000008,0.0027554721109752656
MARUTI.NS,2021-09-29,7390.5,7465.0,7291.0,7384.05,7384.05,643429.0,7051.410000000006,6946.985000000001,6964.923000000007,-0.005361099698943272
MARUTI.NS,2021-09-30,7384.75,7408.05,7301.05,7338.05,7338.05,625614.0,7092.120000000007,6974.6425,6969.281000000006,-0.006229643623756664
MARUTI.NS,2021-10-01,7220.0,7220.0,7090.0,7162.3,7162.3,900884.0,7106.905000000008,6993.1125,6968.789400000006,-0.02395050456183867
MARUTI.NS,2021-10-04,7220.0,7214.95,7131.8,7170.3,7170.3,466905.0,7128.895000000009,7008.472499999999,6967.129400000006,0.0011169596358711065
MARUTI.NS,2021-10-05,7164.8,7300.0,7155.65,7258.25,7258.25,545847.0,7177.020000000009,7029.039999999999,6967.341600000006,0.012265874510132058
MARUTI.NS,2021-10-06,7270.9,7281.5,7164.25,7199.25,7199.25,726606.0,7213.845000000008,7045.1449999999995,6967.527400000005,-0.00812868115592602
MARUTI.NS,2021-10-07,7234.95,7555.0,7225.25,7492.5,7492.5,1646600.0,7278.425000000008,7080.7074999999995,6973.489800000006,0.04073340973018014
MARUTI.NS,2021-10-08,7548.7,7571.95,7401.15,7430.0,7430.0,630512.0,7326.200000000009,7112.094999999999,6979.696600000007,-0.008341675008341709
MARUTI.NS,2021-10-11,7420.2,7814.8,7419.8,7700.8,7700.8,1069353.0,7355.9350000000095,7153.449999999999,6994.728800000006,0.036446837146702604
MARUTI.NS,2021-10-12,7687.9,7750.0,7630.05,7693.8,7693.8,406752.0,7382.930000000009,7193.417499999998,7009.935000000006,-0.0009089964678994367
MARUTI.NS,2021-10-13,7740.0,7749.95,7436.55,7482.15,7482.15,1084436.0,7392.740000000008,7222.074999999997,7018.935800000007,-0.027509163222334987
MARUTI.NS,2021-10-14,7540.0,7560.0,7445.0,7512.3,7496.9,476258.0,7408.625000000007,7250.372499999996,7025.798000000007,0.0019713584998963807
MARUTI.NS,2021-10-18,7540.0,7705.3,7405.0,7657.0,7657.0,913815.0,7458.095000000007,7282.499999999995,7037.780000000007,0.021355493604023
MARUTI.NS,2021-10-19,7670.2,7768.6,7585.0,7655.65,7655.65,658759.0,7506.6300000000065,7317.762499999995,7050.342000000008,-0.00017630925950118392
MARUTI.NS,2021-10-20,7615.0,7667.35,7515.0,7590.75,7590.75,488007.0,7539.8800000000065,7358.449999999995,7060.141000000008,-0.008477399045149658
MARUTI.NS,2021-10-21,7650.0,7650.0,7485.0,7575.25,7575.25,563056.0,7577.480000000006,7395.662499999996,7070.011000000008,-0.0020419589632117985
MARUTI.NS,2021-10-22,7600.0,7625.0,7386.55,7408.9,7408.9,224328.0,7569.120000000005,7423.772499999995,7078.150000000008,-0.021959671297977046
MARUTI.NS,2021-10-25,7355.0,7396.05,7219.65,7260.6,7260.6,247986.0,7552.180000000006,7439.189999999995,7082.932000000008,-0.02001646668196344
MARUTI.NS,2021-10-26,7265.0,7337.95,7210.2,7297.35,7297.35,292052.0,7511.835000000006,7433.884999999995,7088.639000000007,0.005061565159904191
MARUTI.NS,2021-10-27,7285.0,7461.25,7244.0,7356.25,7356.25,1217557.0,7478.080000000006,7430.504999999995,7095.720000000007,0.008071423187869575
MARUTI.NS,2021-10-28,7250.0,7529.7,7235.05,7369.7,7369.7,961188.0,7466.835000000006,7429.787499999996,7106.5770000000075,0.0018283772302463142
MARUTI.NS,2021-10-29,7350.0,7478.15,7294.85,7466.3,7466.3,179815.0,7463.775000000007,7436.199999999995,7118.195000000007,0.01310772487346834
